index;elevation;nr_in_cond;run;rel_bearing
1;5;1;1;25
2;5;2;1;255
3;5;3;1;115
4;5;4;1;5
5;5;5;1;15
6;5;6;1;25
7;5;7;1;230
8;5;8;1;10
9;5;9;1;145
10;5;10;1;20
11;5;11;1;255
12;5;12;1;300
13;5;13;1;10
14;5;14;1;15
15;5;15;1;210
16;5;16;1;5
17;5;17;1;350
18;5;18;1;20
19;5;19;1;10
20;5;20;1;105
21;5;21;1;5
22;5;22;1;225
23;5;23;1;270
24;5;24;1;50
25;5;25;1;170
26;5;26;1;
27;5;27;1;160
28;5;28;1;5
29;5;29;1;100
30;5;1;2;270
31;5;2;2;0
32;5;3;2;5
33;5;4;2;150
34;5;5;2;350
35;5;6;2;0
36;5;7;2;260
37;5;8;2;15
38;5;9;2;140
39;5;10;2;55
40;5;11;2;220
41;5;12;2;320
42;5;13;2;15
43;5;14;2;5
44;5;15;2;240
45;5;16;2;155
46;5;17;2;20
47;5;18;2;15
48;5;19;2;15
49;5;20;2;140
50;5;21;2;15
51;5;22;2;235
52;5;23;2;120
53;5;24;2;35
54;5;25;2;185
55;5;26;2;
56;5;27;2;130
57;5;28;2;5
58;5;29;2;10
59;5;1;3;35
60;5;2;3;235
61;5;3;3;10
62;5;4;3;150
63;5;5;3;15
64;5;6;3;15
65;5;7;3;230
66;5;8;3;10
67;5;9;3;140
68;5;10;3;90
69;5;11;3;310
70;5;12;3;200
71;5;13;3;20
72;5;14;3;10
73;5;15;3;255
74;5;16;3;105
75;5;17;3;245
76;5;18;3;10
77;5;19;3;5
78;5;20;3;125
79;5;21;3;15
80;5;22;3;190
81;5;23;3;130
82;5;24;3;95
83;5;25;3;50
84;5;26;3;
85;5;27;3;185
86;5;28;3;345
87;5;29;3;10
88;22;1;1;160
89;22;2;1;10
90;22;3;1;
91;22;4;1;240
92;22;5;1;0
93;22;6;1;15
94;22;7;1;5
95;22;8;1;
96;22;9;1;305
97;22;10;1;25
98;22;11;1;
99;22;12;1;230
100;22;13;1;145
101;22;14;1;5
102;22;15;1;70
103;22;16;1;5
104;22;17;1;5
105;22;18;1;20
106;22;19;1;5
107;22;20;1;15
108;22;21;1;230
109;22;22;1;60
110;22;23;1;350
111;22;24;1;355
112;22;25;1;10
113;22;26;1;155
114;22;27;1;265
115;22;28;1;330
116;22;29;1;15
117;22;30;1;185
118;22;31;1;5
119;22;32;1;260
120;22;33;1;10
121;22;34;1;80
122;22;35;1;10
123;22;36;1;280
124;22;37;1;220
125;22;38;1;5
126;22;39;1;130
127;22;1;2;130
128;22;2;2;350
129;22;3;2;
130;22;4;2;255
131;22;5;2;345
132;22;6;2;20
133;22;7;2;5
134;22;8;2;
135;22;9;2;355
136;22;10;2;0
137;22;11;2;
138;22;12;2;215
139;22;13;2;135
140;22;14;2;110
141;22;15;2;165
142;22;16;2;355
143;22;17;2;355
144;22;18;2;50
145;22;19;2;25
146;22;20;2;110
147;22;21;2;285
148;22;22;2;55
149;22;23;2;315
150;22;24;2;5
151;22;25;2;355
152;22;26;2;130
153;22;27;2;350
154;22;28;2;125
155;22;29;2;10
156;22;30;2;155
157;22;31;2;355
158;22;32;2;355
159;22;33;2;0
160;22;34;2;100
161;22;35;2;10
162;22;36;2;245
163;22;37;2;220
164;22;38;2;0
165;22;39;2;195
166;22;1;3;125
167;22;2;3;350
168;22;3;3;
169;22;4;3;285
170;22;5;3;345
171;22;6;3;25
172;22;7;3;5
173;22;8;3;
174;22;9;3;10
175;22;10;3;15
176;22;11;3;
177;22;12;3;210
178;22;13;3;145
179;22;14;3;35
180;22;15;3;195
181;22;16;3;340
182;22;17;3;0
183;22;18;3;15
184;22;19;3;5
185;22;20;3;0
186;22;21;3;335
187;22;22;3;55
188;22;23;3;335
189;22;24;3;350
190;22;25;3;355
191;22;26;3;140
192;22;27;3;345
193;22;28;3;310
194;22;29;3;15
195;22;30;3;110
196;22;31;3;355
197;22;32;3;265
198;22;33;3;10
199;22;34;3;60
200;22;35;3;0
201;22;36;3;235
202;22;37;3;220
203;22;38;3;0
204;22;39;3;240
205;45;1;1;50
206;45;2;1;40
207;45;3;1;205
208;45;4;1;195
209;45;5;1;25
210;45;6;1;35
211;45;7;1;165
212;45;8;1;35
213;45;9;1;355
214;45;10;1;25
215;45;11;1;330
216;45;12;1;15
217;45;13;1;5
218;45;14;1;25
219;45;15;1;355
220;45;16;1;20
221;45;17;1;10
222;45;18;1;
223;45;19;1;340
224;45;20;1;45
225;45;21;1;20
226;45;22;1;305
227;45;23;1;15
228;45;24;1;15
229;45;25;1;20
230;45;26;1;350
231;45;27;1;140
232;45;28;1;85
233;45;29;1;160
234;45;30;1;10
235;45;31;1;0
236;45;1;2;40
237;45;2;2;30
238;45;3;2;150
239;45;4;2;190
240;45;5;2;335
241;45;6;2;10
242;45;7;2;290
243;45;8;2;5
244;45;9;2;15
245;45;10;2;350
246;45;11;2;345
247;45;12;2;35
248;45;13;2;10
249;45;14;2;30
250;45;15;2;355
251;45;16;2;10
252;45;17;2;0
253;45;18;2;
254;45;19;2;355
255;45;20;2;65
256;45;21;2;30
257;45;22;2;340
258;45;23;2;45
259;45;24;2;340
260;45;25;2;10
261;45;26;2;345
262;45;27;2;5
263;45;28;2;15
264;45;29;2;50
265;45;30;2;345
266;45;31;2;0
267;45;1;3;45
268;45;2;3;10
269;45;3;3;200
270;45;4;3;195
271;45;5;3;30
272;45;6;3;5
273;45;7;3;180
274;45;8;3;5
275;45;9;3;330
276;45;10;3;350
277;45;11;3;315
278;45;12;3;5
279;45;13;3;20
280;45;14;3;35
281;45;15;3;10
282;45;16;3;35
283;45;17;3;40
284;45;18;3;
285;45;19;3;355
286;45;20;3;70
287;45;21;3;355
288;45;22;3;310
289;45;23;3;335
290;45;24;3;33
291;45;25;3;15
292;45;26;3;45
293;45;27;3;340
294;45;28;3;45
295;45;29;3;60
296;45;30;3;5
297;45;31;3;10
298;60;1;1;60
299;60;2;1;10
300;60;3;1;195
301;60;4;1;215
302;60;5;1;200
303;60;6;1;10
304;60;7;1;175
305;60;8;1;25
306;60;9;1;20
307;60;10;1;5
308;60;11;1;260
309;60;12;1;185
310;60;13;1;75
311;60;14;1;165
312;60;15;1;15
313;60;16;1;25
314;60;17;1;285
315;60;18;1;
316;60;19;1;5
317;60;20;1;35
318;60;21;1;10
319;60;22;1;340
320;60;23;1;20
321;60;24;1;5
322;60;25;1;5
323;60;26;1;25
324;60;27;1;340
325;60;28;1;260
326;60;29;1;335
327;60;30;1;335
328;60;31;1;5
329;60;1;2;55
330;60;2;2;5
331;60;3;2;210
332;60;4;2;120
333;60;5;2;20
334;60;6;2;15
335;60;7;2;205
336;60;8;2;25
337;60;9;2;355
338;60;10;2;10
339;60;11;2;260
340;60;12;2;240
341;60;13;2;220
342;60;14;2;140
343;60;15;2;355
344;60;16;2;20
345;60;17;2;265
346;60;18;2;
347;60;19;2;35
348;60;20;2;65
349;60;21;2;20
350;60;22;2;0
351;60;23;2;5
352;60;24;2;325
353;60;25;2;10
354;60;26;2;310
355;60;27;2;345
356;60;28;2;310
357;60;29;2;15
358;60;30;2;25
359;60;31;2;25
360;60;1;3;120
361;60;2;3;340
362;60;3;3;245
363;60;4;3;150
364;60;5;3;315
365;60;6;3;40
366;60;7;3;185
367;60;8;3;50
368;60;9;3;10
369;60;10;3;5
370;60;11;3;325
371;60;12;3;225
372;60;13;3;115
373;60;14;3;135
374;60;15;3;350
375;60;16;3;355
376;60;17;3;335
377;60;18;3;
378;60;19;3;20
379;60;20;3;80
380;60;21;3;10
381;60;22;3;325
382;60;23;3;10
383;60;24;3;300
384;60;25;3;5
385;60;26;3;10
386;60;27;3;345
387;60;28;3;155
388;60;29;3;0
389;60;30;3;355
390;60;31;3;10
391;75;1;1;110
392;75;2;1;60
393;75;3;1;180
394;75;4;1;55
395;75;5;1;15
396;75;6;1;35
397;75;7;1;185
398;75;8;1;70
399;75;9;1;335
400;75;10;1;0
401;75;11;1;295
402;75;12;1;145
403;75;13;1;185
404;75;14;1;105
405;75;15;1;0
406;75;16;1;320
407;75;17;1;150
408;75;18;1;
409;75;19;1;305
410;75;20;1;75
411;75;21;1;35
412;75;22;1;325
413;75;23;1;80
414;75;24;1;345
415;75;25;1;140
416;75;26;1;340
417;75;27;1;330
418;75;28;1;285
419;75;29;1;75
420;75;30;1;330
421;75;31;1;320
422;75;1;2;35
423;75;2;2;15
424;75;3;2;215
425;75;4;2;125
426;75;5;2;0
427;75;6;2;5
428;75;7;2;70
429;75;8;2;65
430;75;9;2;355
431;75;10;2;255
432;75;11;2;230
433;75;12;2;215
434;75;13;2;125
435;75;14;2;60
436;75;15;2;355
437;75;16;2;10
438;75;17;2;90
439;75;18;2;
440;75;19;2;345
441;75;20;2;85
442;75;21;2;20
443;75;22;2;0
444;75;23;2;70
445;75;24;2;75
446;75;25;2;15
447;75;26;2;285
448;75;27;2;340
449;75;28;2;40
450;75;29;2;20
451;75;30;2;5
452;75;31;2;330
453;75;1;3;40
454;75;2;3;10
455;75;3;3;175
456;75;4;3;45
457;75;5;3;135
458;75;6;3;35
459;75;7;3;335
460;75;8;3;55
461;75;9;3;350
462;75;10;3;300
463;75;11;3;325
464;75;12;3;255
465;75;13;3;130
466;75;14;3;100
467;75;15;3;345
468;75;16;3;35
469;75;17;3;265
470;75;18;3;
471;75;19;3;355
472;75;20;3;350
473;75;21;3;15
474;75;22;3;0
475;75;23;3;20
476;75;24;3;315
477;75;25;3;330
478;75;26;3;220
479;75;27;3;25
480;75;28;3;110
481;75;29;3;45
482;75;30;3;320
483;75;31;3;35
484;80;1;1;5
485;80;2;1;275
486;80;3;1;355
487;80;4;1;20
488;80;5;1;15
489;80;6;1;0
490;80;7;1;20
491;80;8;1;315
492;80;9;1;80
493;80;10;1;95
494;80;11;1;45
495;80;12;1;355
496;80;13;1;65
497;80;14;1;130
498;80;15;1;230
499;80;16;1;80
500;80;17;1;250
501;80;18;1;320
502;80;19;1;40
503;80;20;1;112
504;80;21;1;325
505;80;22;1;335
506;80;23;1;90
507;80;24;1;70
508;80;25;1;260
509;80;26;1;180
510;80;27;1;10
511;80;28;1;15
512;80;29;1;350
513;80;1;2;355
514;80;2;2;225
515;80;3;2;350
516;80;4;2;305
517;80;5;2;275
518;80;6;2;305
519;80;7;2;100
520;80;8;2;345
521;80;9;2;50
522;80;10;2;305
523;80;11;2;330
524;80;12;2;175
525;80;13;2;245
526;80;14;2;325
527;80;15;2;0
528;80;16;2;125
529;80;17;2;25
530;80;18;2;330
531;80;19;2;45
532;80;20;2;105
533;80;21;2;100
534;80;22;2;335
535;80;23;2;35
536;80;24;2;155
537;80;25;2;265
538;80;26;2;130
539;80;27;2;290
540;80;28;2;245
541;80;29;2;60
542;80;1;3;15
543;80;2;3;275
544;80;3;3;35
545;80;4;3;310
546;80;5;3;295
547;80;6;3;10
548;80;7;3;15
549;80;8;3;260
550;80;9;3;160
551;80;10;3;75
552;80;11;3;225
553;80;12;3;35
554;80;13;3;135
555;80;14;3;215
556;80;15;3;235
557;80;16;3;115
558;80;17;3;40
559;80;18;3;305
560;80;19;3;15
561;80;20;3;70
562;80;21;3;25
563;80;22;3;295
564;80;23;3;45
565;80;24;3;120
566;80;25;3;125
567;80;26;3;195
568;80;27;3;215
569;80;28;3;275
570;80;29;3;355
571;85;1;1;65
572;85;2;1;
573;85;3;1;
574;85;4;1;
575;85;5;1;
576;85;6;1;
577;85;7;1;
578;85;8;1;
579;85;9;1;190
580;85;10;1;5
581;85;11;1;320
582;85;12;1;90
583;85;13;1;345
584;85;14;1;345
585;85;15;1;120
586;85;16;1;205
587;85;17;1;265
588;85;18;1;5
589;85;19;1;270
590;85;20;1;230
591;85;21;1;35
592;85;22;1;220
593;85;23;1;40
594;85;24;1;260
595;85;25;1;345
596;85;26;1;100
597;85;27;1;180
598;85;28;1;270
599;85;29;1;10
600;85;1;2;130
601;85;2;2;
602;85;3;2;
603;85;4;2;
604;85;5;2;
605;85;6;2;
606;85;7;2;
607;85;8;2;
608;85;9;2;120
609;85;10;2;35
610;85;11;2;105
611;85;12;2;0
612;85;13;2;40
613;85;14;2;295
614;85;15;2;335
615;85;16;2;120
616;85;17;2;50
617;85;18;2;305
618;85;19;2;135
619;85;20;2;15
620;85;21;2;80
621;85;22;2;45
622;85;23;2;335
623;85;24;2;335
624;85;25;2;350
625;85;26;2;153
626;85;27;2;130
627;85;28;2;135
628;85;29;2;15
629;85;1;3;235
630;85;2;3;
631;85;3;3;
632;85;4;3;
633;85;5;3;
634;85;6;3;
635;85;7;3;
636;85;8;3;
637;85;9;3;145
638;85;10;3;345
639;85;11;3;65
640;85;12;3;195
641;85;13;3;45
642;85;14;3;215
643;85;15;3;345
644;85;16;3;355
645;85;17;3;0
646;85;18;3;290
647;85;19;3;205
648;85;20;3;60
649;85;21;3;15
650;85;22;3;200
651;85;23;3;125
652;85;24;3;325
653;85;25;3;115
654;85;26;3;70
655;85;27;3;100
656;85;28;3;150
657;85;29;3;35
658;90;1;1;85
659;90;2;1;85
660;90;3;1;
661;90;4;1;185
662;90;5;1;250
663;90;6;1;205
664;90;7;1;70
665;90;8;1;
666;90;9;1;320
667;90;10;1;295
668;90;11;1;
669;90;12;1;215
670;90;13;1;130
671;90;14;1;45
672;90;15;1;120
673;90;16;1;225
674;90;17;1;55
675;90;18;1;65
676;90;19;1;65
677;90;20;1;290
678;90;21;1;335
679;90;22;1;105
680;90;23;1;110
681;90;24;1;280
682;90;25;1;285
683;90;26;1;250
684;90;27;1;290
685;90;28;1;340
686;90;29;1;200
687;90;30;1;
688;90;31;1;265
689;90;32;1;0
690;90;33;1;85
691;90;34;1;350
692;90;35;1;240
693;90;36;1;225
694;90;37;1;300
695;90;38;1;205
696;90;39;1;0
697;90;1;2;310
698;90;2;2;80
699;90;3;2;
700;90;4;2;215
701;90;5;2;200
702;90;6;2;0
703;90;7;2;325
704;90;8;2;
705;90;9;2;300
706;90;10;2;355
707;90;11;2;
708;90;12;2;75
709;90;13;2;255
710;90;14;2;10
711;90;15;2;270
712;90;16;2;275
713;90;17;2;10
714;90;18;2;110
715;90;19;2;305
716;90;20;2;20
717;90;21;2;195
718;90;22;2;115
719;90;23;2;125
720;90;24;2;260
721;90;25;2;265
722;90;26;2;10
723;90;27;2;200
724;90;28;2;330
725;90;29;2;120
726;90;30;2;
727;90;31;2;40
728;90;32;2;35
729;90;33;2;115
730;90;34;2;290
731;90;35;2;220
732;90;36;2;200
733;90;37;2;175
734;90;38;2;60
735;90;39;2;150
736;90;1;3;20
737;90;2;3;355
738;90;3;3;
739;90;4;3;115
740;90;5;3;290
741;90;6;3;265
742;90;7;3;80
743;90;8;3;
744;90;9;3;80
745;90;10;3;20
746;90;11;3;
747;90;12;3;280
748;90;13;3;330
749;90;14;3;80
750;90;15;3;130
751;90;16;3;300
752;90;17;3;185
753;90;18;3;110
754;90;19;3;345
755;90;20;3;105
756;90;21;3;310
757;90;22;3;230
758;90;23;3;170
759;90;24;3;215
760;90;25;3;220
761;90;26;3;305
762;90;27;3;255
763;90;28;3;255
764;90;29;3;230
765;90;30;3;
766;90;31;3;160
767;90;32;3;170
768;90;33;3;35
769;90;34;3;335
770;90;35;3;185
771;90;36;3;265
772;90;37;3;190
773;90;38;3;30
774;90;39;3;220
775;0;1;1;25
776;0;2;1;
777;0;3;1;300
778;0;4;1;115
779;0;5;1;195
780;0;6;1;105
781;0;7;1;50
782;0;8;1;
783;0;9;1;100
784;0;10;1;230
785;0;11;1;
786;0;12;1;285
787;0;13;1;55
788;0;14;1;260
789;0;15;1;160
790;0;16;1;330
791;0;17;1;0
792;0;18;1;125
793;0;19;1;245
794;0;20;1;70
795;0;21;1;250
796;0;22;1;110
797;0;23;1;
798;0;24;1;
799;0;25;1;
800;0;26;1;
801;0;27;1;
802;0;28;1;
803;0;29;1;235
804;0;30;1;65
805;0;31;1;295
806;0;32;1;130
807;0;33;1;30
808;0;34;1;330
809;0;35;1;205
810;0;36;1;135
811;0;37;1;120
812;0;38;1;175
813;0;39;1;5
814;0;1;2;0
815;0;2;2;240
816;0;3;2;250
817;0;4;2;330
818;0;5;2;230
819;0;6;2;90
820;0;7;2;300
821;0;8;2;
822;0;9;2;355
823;0;10;2;245
824;0;11;2;
825;0;12;2;310
826;0;13;2;115
827;0;14;2;5
828;0;15;2;145
829;0;16;2;325
830;0;17;2;300
831;0;18;2;330
832;0;19;2;275
833;0;20;2;220
834;0;21;2;100
835;0;22;2;125
836;0;23;2;
837;0;24;2;
838;0;25;2;
839;0;26;2;
840;0;27;2;
841;0;28;2;
842;0;29;2;335
843;0;30;2;215
844;0;31;2;295
845;0;32;2;85
846;0;33;2;285
847;0;34;2;195
848;0;35;2;25
849;0;36;2;330
850;0;37;2;220
851;0;38;2;80
852;0;39;2;295
853;0;1;3;0
854;0;2;3;250
855;0;3;3;
856;0;4;3;215
857;0;5;3;250
858;0;6;3;105
859;0;7;3;60
860;0;8;3;
861;0;9;3;265
862;0;10;3;150
863;0;11;3;
864;0;12;3;300
865;0;13;3;160
866;0;14;3;265
867;0;15;3;165
868;0;16;3;215
869;0;17;3;115
870;0;18;3;160
871;0;19;3;0
872;0;20;3;295
873;0;21;3;95
874;0;22;3;90
875;0;23;3;
876;0;24;3;
877;0;25;3;
878;0;26;3;
879;0;27;3;
880;0;28;3;
881;0;29;3;265
882;0;30;3;280
883;0;31;3;230
884;0;32;3;175
885;0;33;3;120
886;0;34;3;310
887;0;35;3;295
888;0;36;3;335
889;0;37;3;
890;0;38;3;235
891;0;39;3;10
