"","index","beetle","date","video 2 name","run_column","placed from","placed from angle theoretical (degrees)","start time","placed from angle (degrees)","rotation 1 direction","rotation 1 full lap? (degrees)","angle before direction change 1 (degrees)","rotation 2 direction","rotation 2 full lap? (degrees)","angle before direction change 2 (degrees)","rotation 3 direction","rotation 3 full lap? (degrees)","end time","go down angle (degrees)","rotation category manual","rotation category measured","exit angle (degrees)","comment","smallest possible angle (degrees)","smallest possible direction","smallest possible rotation large","smallest absolute angle (degrees)","end angle for rotation 1 (degrees)","end angle for rotation 2 (degrees)","degrees rotation 1","degrees rotation 2","degrees rotation 3","total absolute degrees of rotation","matching rotation direction to smallest?","Minimizing yaw rotation?","rotation_radians","individual_number"
"1",1,1,20221119,"FirstVsSubsequent_20221119_cam2_00",1,"ccw",100,1899-12-31 00:09:19,80,"ccw",NA,NA,NA,NA,NA,NA,NA,1899-12-31 00:09:22,180,"ccw","ccw",185,NA,100,"cw",0,100,180,180,-260,0,0,260,0,0,4.53785605518526,1
"2",2,1,20221119,"FirstVsSubsequent_20221119_cam2_00",2,"cw",280,1899-12-31 00:09:41,290,"cw",NA,NA,NA,NA,NA,NA,NA,1899-12-31 00:09:46,150,"cw","cw",145,NA,-140,"ccw",0,140,150,150,220,0,0,220,0,0,3.83972435438753,1
"3",3,1,20221119,"FirstVsSubsequent_20221119_cam2_00",3,"ccw",100,1899-12-31 00:09:57,90,"cw",NA,NA,NA,NA,NA,NA,NA,1899-12-31 00:09:59,120,"no","cw",140,NA,30,"cw",0,30,120,120,30,0,0,30,1,1,0.523598775598299,1
"4",4,1,20221119,"FirstVsSubsequent_20221119_cam2_00",4,"cw",280,1899-12-31 00:10:11,320,"ccw",NA,NA,NA,NA,NA,NA,NA,1899-12-31 00:10:12,165,"ccw","ccw",150,NA,-155,"ccw",0,155,165,165,-155,0,0,155,1,1,2.70526034059121,1
"5",5,1,20221119,"FirstVsSubsequent_20221119_cam2_00",5,"ccw",100,1899-12-31 00:10:24,90,"cw",NA,NA,NA,NA,NA,NA,NA,1899-12-31 00:10:25,185,"cw","cw",150,NA,95,"cw",0,95,185,185,95,0,0,95,1,1,1.65806278939461,1
"6",6,1,20221119,"FirstVsSubsequent_20221119_cam2_00",6,"cw",280,1899-12-31 00:10:36,285,"cw",NA,NA,NA,NA,NA,NA,NA,1899-12-31 00:10:38,125,"cw","cw",155,NA,-160,"ccw",0,160,125,125,200,0,0,200,0,0,3.49065850398866,1
"7",7,1,20221119,"FirstVsSubsequent_20221119_cam2_00",7,"ccw",100,1899-12-31 00:10:49,70,"ccw",NA,NA,NA,NA,NA,NA,NA,1899-12-31 00:10:51,200,"ccw","ccw",145,NA,130,"cw",0,130,200,200,-230,0,0,230,0,0,4.01425727958696,1
"8",8,1,20221119,"FirstVsSubsequent_20221119_cam2_00",8,"cw",280,1899-12-31 00:11:02,275,"cw",NA,NA,NA,NA,NA,NA,NA,1899-12-31 00:11:03,145,"cw","cw",145,NA,-130,"ccw",0,130,145,145,230,0,0,230,0,0,4.01425727958696,1
"9",9,1,20221119,"FirstVsSubsequent_20221119_cam2_00",9,"ccw",100,1899-12-31 00:11:16,80,"cw",NA,NA,NA,NA,NA,NA,NA,1899-12-31 00:11:19,100,"no","cw",160,NA,20,"cw",0,20,100,100,20,0,0,20,1,1,0.349065850398866,1
"10",10,1,20221119,"FirstVsSubsequent_20221119_cam2_00",10,"cw",280,1899-12-31 00:11:32,285,"cw",NA,NA,NA,NA,NA,NA,NA,1899-12-31 00:11:33,130,"cw","cw",145,NA,-155,"ccw",0,155,130,130,205,0,0,205,0,0,3.57792496658838,1
"11",11,2,20221119,"FirstVsSubsequent_20221119_cam2_00",1,"cw",55,1899-12-31 00:16:48,75,"cw",NA,NA,NA,NA,NA,NA,NA,1899-12-31 00:16:57,240,"cw","cw",310,NA,165,"cw",0,165,240,240,165,0,0,165,1,1,2.87979326579064,2
"12",12,2,20221119,"FirstVsSubsequent_20221119_cam2_00",2,"ccw",235,1899-12-31 00:17:33,200,"cw",NA,NA,NA,NA,NA,NA,NA,1899-12-31 00:17:36,330,"cw","cw",340,NA,130,"cw",0,130,330,330,130,0,0,130,1,1,2.26892802759263,2
"13",13,2,20221119,"FirstVsSubsequent_20221119_cam2_01",3,"cw",55,1899-12-31 00:01:03,60,"ccw",NA,NA,NA,NA,NA,NA,NA,1899-12-31 00:01:06,305,"ccw","ccw",330,NA,-115,"ccw",0,115,305,305,-115,0,0,115,1,1,2.00712863979348,2
"14",14,2,20221119,"FirstVsSubsequent_20221119_cam2_01",4,"ccw",235,1899-12-31 00:01:27,150,"ccw",NA,NA,NA,NA,NA,NA,NA,1899-12-31 00:01:29,40,"ccw","ccw",5,NA,-110,"ccw",0,110,40,40,-110,0,0,110,1,1,1.91986217719376,2
"15",15,2,20221119,"FirstVsSubsequent_20221119_cam2_01",5,"cw",55,1899-12-31 00:02:02,90,"ccw",NA,NA,NA,NA,NA,NA,NA,1899-12-31 00:02:05,325,"ccw","ccw",345,NA,-125,"ccw",0,125,325,325,-125,0,0,125,1,1,2.18166156499291,2
"16",16,2,20221119,"FirstVsSubsequent_20221119_cam2_01",6,"ccw",235,1899-12-31 00:02:25,250,"cw",NA,NA,NA,NA,NA,NA,NA,1899-12-31 00:02:26,0,"cw","cw",5,NA,110,"cw",0,110,0,0,110,0,0,110,1,1,1.91986217719376,2
"17",17,2,20221119,"FirstVsSubsequent_20221119_cam2_01",7,"cw",55,1899-12-31 00:02:50,50,"ccw",NA,NA,NA,NA,NA,NA,NA,1899-12-31 00:02:54,295,"ccw","ccw",340,NA,-115,"ccw",0,115,295,295,-115,0,0,115,1,1,2.00712863979348,2
"18",18,2,20221119,"FirstVsSubsequent_20221119_cam2_01",8,"ccw",235,1899-12-31 00:03:15,215,"ccw",NA,NA,NA,NA,NA,NA,NA,1899-12-31 00:03:21,5,"ccw","ccw",345,NA,150,"cw",0,150,5,5,-210,0,0,210,0,0,3.66519142918809,2
"19",19,2,20221119,"FirstVsSubsequent_20221119_cam2_01",9,"cw",55,1899-12-31 00:04:15,95,"cw",NA,NA,NA,NA,NA,NA,NA,1899-12-31 00:04:19,250,"cw","cw",325,NA,155,"cw",0,155,250,250,155,0,0,155,1,1,2.70526034059121,2
"20",20,2,20221119,"FirstVsSubsequent_20221119_cam2_01",10,"ccw",235,1899-12-31 00:04:33,210,"ccw",NA,NA,NA,NA,NA,NA,NA,1899-12-31 00:04:36,30,"ccw","ccw",350,NA,180,"cw",1,180,30,30,-180,0,0,180,0,1,3.14159265358979,2
"21",21,3,20221119,"FirstVsSubsequent_20221119_cam2_01",1,"ccw",250,1899-12-31 00:05:40,325,"ccw",NA,NA,NA,NA,NA,NA,NA,1899-12-31 00:05:44,25,"ccw","ccw",40,NA,60,"cw",0,60,25,25,-300,0,0,300,0,0,5.23598775598299,3
"22",22,3,20221119,"FirstVsSubsequent_20221119_cam2_01",2,"cw",70,1899-12-31 00:06:11,130,"ccw",NA,NA,NA,NA,NA,NA,NA,1899-12-31 00:06:13,45,"ccw","ccw",90,NA,-85,"ccw",0,85,45,45,-85,0,0,85,1,1,1.48352986419518,3
"23",23,3,20221119,"FirstVsSubsequent_20221119_cam2_01",3,"ccw",250,1899-12-31 00:06:28,195,"cw",NA,NA,NA,NA,NA,NA,NA,1899-12-31 00:06:30,20,"cw","cw",70,NA,-175,"ccw",1,175,20,20,185,0,0,185,0,0,3.22885911618951,3
"24",24,3,20221119,"FirstVsSubsequent_20221119_cam2_01",4,"cw",70,1899-12-31 00:06:45,80,"ccw",NA,NA,NA,NA,NA,NA,NA,1899-12-31 00:06:46,45,"no","ccw",45,NA,-35,"ccw",0,35,45,45,-35,0,0,35,1,1,0.610865238198015,3
"25",25,3,20221119,"FirstVsSubsequent_20221119_cam2_01",5,"ccw",250,1899-12-31 00:07:02,210,"ccw",NA,160,"cw",NA,NA,NA,NA,1899-12-31 00:07:04,350,"both","both",5,NA,140,"cw",0,140,160,350,-50,190,0,240,0,0,4.18879020478639,3
"26",26,3,20221119,"FirstVsSubsequent_20221119_cam2_01",6,"cw",70,1899-12-31 00:07:15,85,"ccw",NA,NA,NA,NA,NA,NA,NA,1899-12-31 00:07:17,325,"ccw","ccw",330,NA,-120,"ccw",0,120,325,325,-120,0,0,120,1,1,2.0943951023932,3
"27",27,3,20221119,"FirstVsSubsequent_20221119_cam2_01",7,"ccw",250,1899-12-31 00:07:30,185,"cw",NA,NA,NA,NA,NA,NA,NA,1899-12-31 00:07:31,325,"cw","cw",335,NA,140,"cw",0,140,325,325,140,0,0,140,1,1,2.44346095279206,3
"28",28,3,20221119,"FirstVsSubsequent_20221119_cam2_01",8,"cw",70,1899-12-31 00:07:42,165,"cw",NA,NA,NA,NA,NA,NA,NA,1899-12-31 00:07:43,275,"cw","cw",325,NA,110,"cw",0,110,275,275,110,0,0,110,1,1,1.91986217719376,3
"29",29,3,20221119,"FirstVsSubsequent_20221119_cam2_01",9,"ccw",250,1899-12-31 00:07:54,205,"ccw",NA,190,"cw",NA,NA,NA,NA,1899-12-31 00:07:57,255,"no","both",345,NA,50,"cw",0,50,190,255,-15,65,0,80,1,0,1.39626340159546,3
"30",30,3,20221119,"FirstVsSubsequent_20221119_cam2_01",10,"cw",70,1899-12-31 00:08:07,105,"cw",NA,NA,NA,NA,NA,NA,NA,1899-12-31 00:08:09,225,"cw","cw",320,NA,120,"cw",0,120,225,225,120,0,0,120,1,1,2.0943951023932,3
"31",33,4,20221119,"FirstVsSubsequent_20221119_cam2_01",1,"cw",120,1899-12-31 00:12:07,140,"ccw",NA,195,"cw",NA,NA,NA,NA,1899-12-31 00:12:14,35,"both","both",30,NA,-105,"ccw",0,105,195,35,-305,200,0,505,0,0,8.81391272257136,4
"32",34,4,20221119,"FirstVsSubsequent_20221119_cam2_01",2,"ccw",300,1899-12-31 00:12:52,310,"cw",NA,NA,NA,NA,NA,NA,NA,1899-12-31 00:12:55,45,"cw","cw",20,NA,95,"cw",0,95,45,45,95,0,0,95,1,1,1.65806278939461,4
"33",35,4,20221119,"FirstVsSubsequent_20221119_cam2_01",3,"cw",120,1899-12-31 00:13:17,140,"cw",NA,NA,NA,NA,NA,NA,NA,1899-12-31 00:13:20,320,"cw","cw",5,NA,180,"cw",1,180,320,320,180,0,0,180,1,1,3.14159265358979,4
"34",36,4,20221119,"FirstVsSubsequent_20221119_cam2_01",4,"ccw",300,1899-12-31 00:13:39,295,"cw",NA,NA,NA,NA,NA,NA,NA,1899-12-31 00:13:41,45,"cw","cw",10,NA,110,"cw",0,110,45,45,110,0,0,110,1,1,1.91986217719376,4
"35",37,4,20221119,"FirstVsSubsequent_20221119_cam2_01",5,"cw",120,1899-12-31 00:13:57,130,"cw",NA,NA,NA,NA,NA,NA,NA,1899-12-31 00:13:59,45,"cw","cw",355,NA,-85,"ccw",0,85,45,45,275,0,0,275,0,0,4.79965544298441,4
"36",38,4,20221119,"FirstVsSubsequent_20221119_cam2_01",6,"ccw",300,1899-12-31 00:14:20,270,"cw",NA,NA,NA,NA,NA,NA,NA,1899-12-31 00:14:23,10,"cw","cw",0,NA,100,"cw",0,100,10,10,100,0,0,100,1,1,1.74532925199433,4
"37",39,4,20221119,"FirstVsSubsequent_20221119_cam2_01",7,"cw",120,1899-12-31 00:14:41,120,"cw",NA,NA,NA,NA,NA,NA,NA,1899-12-31 00:14:45,290,"cw","cw",350,NA,170,"cw",1,170,290,290,170,0,0,170,1,1,2.96705972839036,4
"38",40,4,20221119,"FirstVsSubsequent_20221119_cam2_01",8,"ccw",300,1899-12-31 00:15:06,280,"ccw",NA,210,"cw",NA,NA,NA,NA,1899-12-31 00:15:10,345,"both","both",355,NA,65,"cw",0,65,210,345,-70,135,0,205,0,0,3.57792496658838,4
"39",41,4,20221119,"FirstVsSubsequent_20221119_cam2_01",9,"cw",120,1899-12-31 00:15:25,125,"cw",NA,NA,NA,NA,NA,NA,NA,1899-12-31 00:15:28,305,"cw","cw",355,NA,180,"cw",1,180,305,305,180,0,0,180,1,1,3.14159265358979,4
"40",42,4,20221119,"FirstVsSubsequent_20221119_cam2_01",10,"ccw",300,1899-12-31 00:15:45,295,"ccw",NA,240,"cw",NA,NA,NA,NA,1899-12-31 00:15:48,30,"both","both",355,NA,95,"cw",0,95,240,30,-55,150,0,205,0,0,3.57792496658838,4
"41",43,5,20221119,"FirstVsSubsequent_20221119_cam2_04",1,"ccw",160,1899-12-31 00:10:01,230,"cw",NA,NA,NA,NA,NA,NA,NA,1899-12-31 00:10:04,355,"cw","cw",250,NA,125,"cw",0,125,355,355,125,0,0,125,1,1,2.18166156499291,5
"42",44,5,20221119,"FirstVsSubsequent_20221119_cam2_04",2,"cw",340,1899-12-31 00:10:23,280,"ccw",NA,NA,NA,NA,NA,NA,NA,1899-12-31 00:10:25,230,"ccw","ccw",225,NA,-50,"ccw",0,50,230,230,-50,0,0,50,1,1,0.872664625997165,5
"43",45,5,20221119,"FirstVsSubsequent_20221119_cam2_04",3,"ccw",160,1899-12-31 00:10:42,85,"ccw",NA,NA,NA,NA,NA,NA,NA,1899-12-31 00:10:43,270,"ccw","ccw",235,NA,-175,"ccw",1,175,270,270,-175,0,0,175,1,1,3.05432619099008,5
"44",46,5,20221119,"FirstVsSubsequent_20221119_cam2_04",4,"cw",340,1899-12-31 00:11:02,45,"ccw",NA,NA,NA,NA,NA,NA,NA,1899-12-31 00:11:03,235,"ccw","ccw",230,NA,-170,"ccw",1,170,235,235,-170,0,0,170,1,1,2.96705972839036,5
"45",47,5,20221119,"FirstVsSubsequent_20221119_cam2_04",5,"ccw",160,1899-12-31 00:11:15,220,"cw",NA,NA,NA,NA,NA,NA,NA,1899-12-31 00:11:16,275,"cw","cw",250,NA,55,"cw",0,55,275,275,55,0,0,55,1,1,0.959931088596881,5
"46",48,5,20221119,"FirstVsSubsequent_20221119_cam2_04",6,"cw",340,1899-12-31 00:11:31,355,"ccw",NA,NA,NA,NA,NA,NA,NA,1899-12-31 00:11:35,235,"ccw","ccw",240,NA,-120,"ccw",0,120,235,235,-120,0,0,120,1,1,2.0943951023932,5
"47",49,5,20221119,"FirstVsSubsequent_20221119_cam2_04",7,"ccw",160,1899-12-31 00:11:48,125,"cw",NA,NA,NA,NA,NA,NA,NA,1899-12-31 00:11:49,305,"cw","cw",255,NA,180,"cw",1,180,305,305,180,0,0,180,1,1,3.14159265358979,5
"48",50,5,20221119,"FirstVsSubsequent_20221119_cam2_04",8,"cw",340,1899-12-31 00:12:03,280,"ccw",NA,NA,NA,NA,NA,NA,NA,1899-12-31 00:12:03,220,"ccw","ccw",240,NA,-60,"ccw",0,60,220,220,-60,0,0,60,1,1,1.0471975511966,5
"49",51,5,20221119,"FirstVsSubsequent_20221119_cam2_04",9,"ccw",160,1899-12-31 00:12:15,165,"cw",NA,NA,NA,NA,NA,NA,NA,1899-12-31 00:12:17,290,"cw","cw",260,NA,125,"cw",0,125,290,290,125,0,0,125,1,1,2.18166156499291,5
"50",52,5,20221119,"FirstVsSubsequent_20221119_cam2_04",10,"cw",340,1899-12-31 00:12:29,265,"cw",360,NA,NA,NA,NA,NA,NA,1899-12-31 00:12:34,285,"cw","cw",280,NA,20,"cw",0,20,285,285,380,0,0,380,1,0,6.63225115757845,5
"51",53,6,20221119,"FirstVsSubsequent_20221119_cam2_05",1,"ccw",245,1899-12-31 00:08:47,230,"cw",NA,NA,NA,NA,NA,NA,NA,1899-12-31 00:08:58,315,"cw","cw",350,NA,85,"cw",0,85,315,315,85,0,0,85,1,1,1.48352986419518,6
"52",54,6,20221119,"FirstVsSubsequent_20221119_cam2_05",2,"cw",65,1899-12-31 00:09:11,80,"cw",NA,NA,NA,NA,NA,NA,NA,1899-12-31 00:09:14,330,"cw","cw",15,NA,-110,"ccw",0,110,330,330,250,0,0,250,0,0,4.36332312998582,6
"53",55,6,20221119,"FirstVsSubsequent_20221119_cam2_05",3,"ccw",245,1899-12-31 00:09:26,230,"ccw",NA,NA,NA,NA,NA,NA,NA,1899-12-31 00:09:28,20,"ccw","ccw",15,NA,150,"cw",0,150,20,20,-210,0,0,210,0,0,3.66519142918809,6
"54",56,6,20221119,"FirstVsSubsequent_20221119_cam2_05",4,"cw",65,1899-12-31 00:09:41,60,"cw",NA,NA,NA,NA,NA,NA,NA,1899-12-31 00:09:44,310,"cw","cw",0,NA,-110,"ccw",0,110,310,310,250,0,0,250,0,0,4.36332312998582,6
"55",57,6,20221119,"FirstVsSubsequent_20221119_cam2_05",5,"ccw",245,1899-12-31 00:09:56,230,"ccw",NA,NA,NA,NA,NA,NA,NA,1899-12-31 00:09:59,325,"ccw","ccw",310,NA,95,"cw",0,95,325,325,-265,0,0,265,0,0,4.62512251778497,6
"56",58,6,20221119,"FirstVsSubsequent_20221119_cam2_05",6,"cw",65,1899-12-31 00:10:10,120,"ccw",NA,NA,NA,NA,NA,NA,NA,1899-12-31 00:10:12,280,"ccw","ccw",315,NA,160,"cw",0,160,280,280,-200,0,0,200,0,0,3.49065850398866,6
"57",59,6,20221119,"FirstVsSubsequent_20221119_cam2_05",7,"ccw",245,1899-12-31 00:10:22,225,"ccw",NA,NA,NA,NA,NA,NA,NA,1899-12-31 00:10:24,285,"ccw","ccw",295,NA,60,"cw",0,60,285,285,-300,0,0,300,0,0,5.23598775598299,6
"58",60,6,20221119,"FirstVsSubsequent_20221119_cam2_05",8,"cw",65,1899-12-31 00:10:37,85,"cw",NA,NA,NA,NA,NA,NA,NA,1899-12-31 00:10:38,250,"cw","cw",260,NA,165,"cw",0,165,250,250,165,0,0,165,1,1,2.87979326579064,6
"59",61,6,20221119,"FirstVsSubsequent_20221119_cam2_05",9,"ccw",245,1899-12-31 00:10:48,265,"cw",NA,NA,NA,NA,NA,NA,NA,1899-12-31 00:10:50,295,"no","cw",270,NA,30,"cw",0,30,295,295,30,0,0,30,1,1,0.523598775598299,6
"60",62,6,20221119,"FirstVsSubsequent_20221119_cam2_05",10,"cw",65,1899-12-31 00:11:01,85,"cw",NA,NA,NA,NA,NA,NA,NA,1899-12-31 00:11:03,235,"cw","cw",255,NA,150,"cw",0,150,235,235,150,0,0,150,1,1,2.61799387799149,6
"61",63,7,20221119,"FirstVsSubsequent_20221119_cam2_06",1,"cw",30,1899-12-31 00:07:12,5,"ccw",NA,NA,NA,NA,NA,NA,NA,1899-12-31 00:07:16,340,"no","ccw",5,NA,-25,"ccw",0,25,340,340,-25,0,0,25,1,1,0.436332312998582,7
"62",64,7,20221119,"FirstVsSubsequent_20221119_cam2_06",2,"ccw",210,1899-12-31 00:07:38,195,"ccw",NA,NA,NA,NA,NA,NA,NA,1899-12-31 00:07:42,0,"ccw","ccw",335,NA,165,"cw",0,165,0,0,-195,0,0,195,0,0,3.40339204138894,7
"63",65,7,20221119,"FirstVsSubsequent_20221119_cam2_06",3,"cw",30,1899-12-31 00:08:03,70,"ccw",NA,NA,NA,NA,NA,NA,NA,1899-12-31 00:08:04,25,"no","ccw",15,NA,-45,"ccw",0,45,25,25,-45,0,0,45,1,1,0.785398163397448,7
"64",66,7,20221119,"FirstVsSubsequent_20221119_cam2_06",4,"ccw",210,1899-12-31 00:08:23,225,"cw",NA,NA,NA,NA,NA,NA,NA,1899-12-31 00:08:25,40,"cw","cw",5,NA,175,"cw",1,175,40,40,175,0,0,175,1,1,3.05432619099008,7
"65",67,7,20221119,"FirstVsSubsequent_20221119_cam2_06",5,"cw",30,1899-12-31 00:08:42,20,"cw",NA,75,"ccw",NA,NA,NA,NA,1899-12-31 00:08:44,35,"no","both",0,NA,15,"cw",0,15,75,35,55,-40,0,95,1,0,1.65806278939461,7
"66",68,7,20221119,"FirstVsSubsequent_20221119_cam2_06",6,"ccw",210,1899-12-31 00:08:58,135,"cw",NA,NA,NA,NA,NA,NA,NA,1899-12-31 00:09:02,40,"cw","cw",10,NA,-95,"ccw",0,95,40,40,265,0,0,265,0,0,4.62512251778497,7
"67",69,7,20221119,"FirstVsSubsequent_20221119_cam2_06",7,"cw",30,1899-12-31 00:09:18,55,"ccw",NA,NA,NA,NA,NA,NA,NA,1899-12-31 00:09:21,10,"ccw","ccw",5,NA,-45,"ccw",0,45,10,10,-45,0,0,45,1,1,0.785398163397448,7
"68",70,7,20221119,"FirstVsSubsequent_20221119_cam2_06",8,"ccw",210,1899-12-31 00:09:36,200,"cw",NA,NA,NA,NA,NA,NA,NA,1899-12-31 00:09:38,20,"cw","cw",20,NA,180,"cw",1,180,20,20,180,0,0,180,1,1,3.14159265358979,7
"69",71,7,20221119,"FirstVsSubsequent_20221119_cam2_06",9,"cw",30,1899-12-31 00:09:54,25,"no",NA,NA,NA,NA,NA,NA,NA,1899-12-31 00:09:55,25,"no","no",10,NA,0,"0",0,0,25,25,0,0,0,0,1,1,0,7
"70",72,7,20221119,"FirstVsSubsequent_20221119_cam2_06",10,"ccw",210,1899-12-31 00:10:09,210,"ccw",NA,NA,NA,NA,NA,NA,NA,1899-12-31 00:10:12,50,"ccw","ccw",25,NA,-160,"ccw",0,160,50,50,-160,0,0,160,1,1,2.79252680319093,7
"71",73,8,20221119,"FirstVsSubsequent_20221119_cam2_06",1,"ccw",280,1899-12-31 00:07:53,270,"ccw",NA,NA,NA,NA,NA,NA,NA,1899-12-31 00:07:55,220,"no","ccw",160,NA,-50,"ccw",0,50,220,220,-50,0,0,50,1,1,0.872664625997165,8
"72",74,8,20221119,"FirstVsSubsequent_20221119_cam2_06",2,"cw",100,1899-12-31 00:08:15,100,"ccw",NA,NA,NA,NA,NA,NA,NA,1899-12-31 00:08:18,180,"ccw","ccw",175,NA,80,"cw",0,80,180,180,-280,0,0,280,0,0,4.88692190558412,8
"73",75,8,20221119,"FirstVsSubsequent_20221119_cam2_06",3,"ccw",280,1899-12-31 00:08:33,275,"cw",NA,NA,NA,NA,NA,NA,NA,1899-12-31 00:08:35,85,"cw","cw",130,NA,170,"cw",1,170,85,85,170,0,0,170,1,1,2.96705972839036,8
"74",76,8,20221119,"FirstVsSubsequent_20221119_cam2_06",4,"cw",100,1899-12-31 00:08:49,110,"ccw",NA,NA,NA,NA,NA,NA,NA,1899-12-31 00:08:50,105,"no","ccw",155,NA,-5,"ccw",0,5,105,105,-5,0,0,5,1,1,0.0872664625997165,8
"75",77,8,20221119,"FirstVsSubsequent_20221119_cam2_06",5,"ccw",280,1899-12-31 00:09:06,235,"ccw",NA,NA,NA,NA,NA,NA,NA,1899-12-31 00:09:07,180,"ccw","ccw",155,NA,-55,"ccw",0,55,180,180,-55,0,0,55,1,1,0.959931088596881,8
"76",78,8,20221119,"FirstVsSubsequent_20221119_cam2_06",6,"cw",100,1899-12-31 00:09:26,70,"cw",NA,NA,NA,NA,NA,NA,NA,1899-12-31 00:09:27,215,"cw","cw",185,NA,145,"cw",0,145,215,215,145,0,0,145,1,1,2.53072741539178,8
"77",79,8,20221119,"FirstVsSubsequent_20221119_cam2_06",7,"ccw",280,1899-12-31 00:09:44,260,"ccw",NA,225,"cw",NA,270,"ccw",NA,1899-12-31 00:09:48,140,"both","both",165,NA,-120,"ccw",0,120,225,270,-35,45,-130,210,0,0,3.66519142918809,8
"78",80,8,20221119,"FirstVsSubsequent_20221119_cam2_06",8,"cw",100,1899-12-31 00:09:59,115,"cw",NA,NA,NA,NA,NA,NA,NA,1899-12-31 00:10:01,240,"cw","cw",175,NA,125,"cw",0,125,240,240,125,0,0,125,1,1,2.18166156499291,8
"79",81,8,20221119,"FirstVsSubsequent_20221119_cam2_06",9,"ccw",280,1899-12-31 00:10:18,255,"ccw",NA,NA,NA,NA,NA,NA,NA,1899-12-31 00:10:22,205,"no","ccw",160,NA,-50,"ccw",0,50,205,205,-50,0,0,50,1,1,0.872664625997165,8
"80",82,8,20221119,"FirstVsSubsequent_20221119_cam2_06",10,"cw",100,1899-12-31 00:10:40,100,"ccw",NA,NA,NA,NA,NA,NA,NA,1899-12-31 00:10:43,235,"ccw","ccw",190,NA,135,"cw",0,135,235,235,-225,0,0,225,0,0,3.92699081698724,8
"81",83,9,20221119,"FirstVsSubsequent_20221119_cam2_06/FirstVsSubsequent_20221119_cam2_07",1,"ccw",135,1899-12-31 00:17:59,130,"ccw",-360,NA,NA,NA,NA,NA,NA,1899-12-31 00:00:03,55,"ccw","ccw",75,NA,-75,"ccw",0,75,55,55,-435,0,0,435,1,0,7.59218224617533,9
"82",84,9,20221119,"FirstVsSubsequent_20221119_cam2_07",2,"cw",315,1899-12-31 00:00:19,295,"cw",NA,NA,NA,NA,NA,NA,NA,1899-12-31 00:00:21,90,"cw","cw",100,NA,155,"cw",0,155,90,90,155,0,0,155,1,1,2.70526034059121,9
"83",85,9,20221119,"FirstVsSubsequent_20221119_cam2_07",3,"ccw",135,1899-12-31 00:00:44,135,"ccw",NA,NA,NA,NA,NA,NA,NA,1899-12-31 00:00:46,80,"no","ccw",95,NA,-55,"ccw",0,55,80,80,-55,0,0,55,1,1,0.959931088596881,9
"84",86,9,20221119,"FirstVsSubsequent_20221119_cam2_07",4,"cw",315,1899-12-31 00:01:04,310,"cw",NA,NA,NA,NA,NA,NA,NA,1899-12-31 00:01:06,90,"cw","cw",90,NA,140,"cw",0,140,90,90,140,0,0,140,1,1,2.44346095279206,9
"85",87,9,20221119,"FirstVsSubsequent_20221119_cam2_07",5,"ccw",135,1899-12-31 00:01:25,150,"ccw",NA,NA,NA,NA,NA,NA,NA,1899-12-31 00:01:26,20,"ccw","ccw",70,NA,-130,"ccw",0,130,20,20,-130,0,0,130,1,1,2.26892802759263,9
"86",88,9,20221119,"FirstVsSubsequent_20221119_cam2_07",6,"cw",315,1899-12-31 00:01:42,325,"cw",NA,NA,NA,NA,NA,NA,NA,1899-12-31 00:01:43,110,"cw","cw",85,NA,145,"cw",0,145,110,110,145,0,0,145,1,1,2.53072741539178,9
"87",89,9,20221119,"FirstVsSubsequent_20221119_cam2_07",7,"ccw",135,1899-12-31 00:02:00,155,"ccw",NA,NA,NA,NA,NA,NA,NA,1899-12-31 00:02:02,15,"ccw","ccw",10,NA,-140,"ccw",0,140,15,15,-140,0,0,140,1,1,2.44346095279206,9
"88",90,9,20221119,"FirstVsSubsequent_20221119_cam2_07",8,"cw",315,1899-12-31 00:02:14,325,"cw",NA,NA,NA,NA,NA,NA,NA,1899-12-31 00:02:15,95,"cw","cw",85,NA,130,"cw",0,130,95,95,130,0,0,130,1,1,2.26892802759263,9
"89",91,9,20221119,"FirstVsSubsequent_20221119_cam2_07",9,"ccw",135,1899-12-31 00:02:28,160,"ccw",NA,NA,NA,NA,NA,NA,NA,1899-12-31 00:02:29,50,"ccw","ccw",50,NA,-110,"ccw",0,110,50,50,-110,0,0,110,1,1,1.91986217719376,9
"90",92,9,20221119,"FirstVsSubsequent_20221119_cam2_07",10,"cw",315,1899-12-31 00:02:41,340,"cw",NA,NA,NA,NA,NA,NA,NA,1899-12-31 00:02:42,95,"cw","cw",85,NA,115,"cw",0,115,95,95,115,0,0,115,1,1,2.00712863979348,9
"91",93,10,20221119,"FirstVsSubsequent_20221119_cam2_07",1,"cw",90,1899-12-31 00:03:21,90,"cw",NA,NA,NA,NA,NA,NA,NA,1899-12-31 00:03:30,300,"cw","cw",10,NA,-150,"ccw",0,150,300,300,210,0,0,210,0,0,3.66519142918809,10
"92",94,10,20221119,"FirstVsSubsequent_20221119_cam2_07",2,"ccw",270,1899-12-31 00:03:47,290,"cw",NA,NA,NA,NA,NA,NA,NA,1899-12-31 00:03:51,350,"cw","cw",10,NA,60,"cw",0,60,350,350,60,0,0,60,1,1,1.0471975511966,10
"93",95,10,20221119,"FirstVsSubsequent_20221119_cam2_07",3,"cw",90,1899-12-31 00:04:08,115,"ccw",NA,NA,NA,NA,NA,NA,NA,1899-12-31 00:04:12,45,"ccw","ccw",10,NA,-70,"ccw",0,70,45,45,-70,0,0,70,1,1,1.22173047639603,10
"94",96,10,20221119,"FirstVsSubsequent_20221119_cam2_07",4,"ccw",270,1899-12-31 00:04:28,305,"cw",NA,NA,NA,NA,NA,NA,NA,1899-12-31 00:04:29,35,"cw","cw",20,NA,90,"cw",0,90,35,35,90,0,0,90,1,1,1.5707963267949,10
"95",97,10,20221119,"FirstVsSubsequent_20221119_cam2_07",5,"cw",90,1899-12-31 00:04:49,65,"ccw",NA,NA,NA,NA,NA,NA,NA,1899-12-31 00:04:51,330,"ccw","ccw",355,NA,-95,"ccw",0,95,330,330,-95,0,0,95,1,1,1.65806278939461,10
"96",98,10,20221119,"FirstVsSubsequent_20221119_cam2_07",6,"ccw",270,1899-12-31 00:05:08,260,"cw",NA,NA,NA,NA,NA,NA,NA,1899-12-31 00:05:09,35,"cw","cw",10,NA,135,"cw",0,135,35,35,135,0,0,135,1,1,2.35619449019234,10
"97",99,10,20221119,"FirstVsSubsequent_20221119_cam2_07",7,"cw",90,1899-12-31 00:05:21,85,"ccw",NA,NA,NA,NA,NA,NA,NA,1899-12-31 00:05:23,0,"ccw","ccw",10,NA,-85,"ccw",0,85,0,0,-85,0,0,85,1,1,1.48352986419518,10
"98",100,10,20221119,"FirstVsSubsequent_20221119_cam2_07",8,"ccw",270,1899-12-31 00:05:37,315,"cw",NA,NA,NA,NA,NA,NA,NA,1899-12-31 00:05:37,335,"no","cw",30,NA,20,"cw",0,20,335,335,20,0,0,20,1,1,0.349065850398866,10
"99",101,10,20221119,"FirstVsSubsequent_20221119_cam2_07",9,"cw",90,1899-12-31 00:05:51,70,"cw",NA,NA,NA,NA,NA,NA,NA,1899-12-31 00:05:54,0,"cw","cw",355,NA,-70,"ccw",0,70,0,0,290,0,0,290,0,0,5.06145483078356,10
"100",102,10,20221119,"FirstVsSubsequent_20221119_cam2_07",10,"ccw",270,1899-12-31 00:06:08,200,"cw",NA,NA,NA,NA,NA,NA,NA,1899-12-31 00:06:10,30,"cw","cw",10,NA,-170,"ccw",1,170,30,30,190,0,0,190,0,0,3.31612557878923,10
"101",103,11,20221119,"FirstVsSubsequent_20221119_cam2_07",1,"cw",65,1899-12-31 00:13:13,70,"ccw",NA,NA,NA,NA,NA,NA,NA,1899-12-31 00:13:14,5,"ccw","ccw",350,NA,-65,"ccw",0,65,5,5,-65,0,0,65,1,1,1.13446401379631,11
"102",104,11,20221119,"FirstVsSubsequent_20221119_cam2_07",2,"ccw",245,1899-12-31 00:13:40,240,"cw",NA,NA,NA,NA,NA,NA,NA,1899-12-31 00:13:42,40,"cw","cw",5,NA,160,"cw",0,160,40,40,160,0,0,160,1,1,2.79252680319093,11
"103",105,11,20221119,"FirstVsSubsequent_20221119_cam2_07",3,"cw",65,1899-12-31 00:14:03,90,"ccw",NA,NA,NA,NA,NA,NA,NA,1899-12-31 00:14:04,20,"ccw","ccw",25,NA,-70,"ccw",0,70,20,20,-70,0,0,70,1,1,1.22173047639603,11
"104",106,11,20221119,"FirstVsSubsequent_20221119_cam2_07",4,"ccw",245,1899-12-31 00:14:23,275,"cw",NA,NA,NA,NA,NA,NA,NA,1899-12-31 00:14:24,45,"cw","cw",45,NA,130,"cw",0,130,45,45,130,0,0,130,1,1,2.26892802759263,11
"105",107,11,20221119,"FirstVsSubsequent_20221119_cam2_07",5,"cw",65,1899-12-31 00:14:44,75,"ccw",NA,NA,NA,NA,NA,NA,NA,1899-12-31 00:14:44,10,"ccw","ccw",25,NA,-65,"ccw",0,65,10,10,-65,0,0,65,1,1,1.13446401379631,11
"106",108,11,20221119,"FirstVsSubsequent_20221119_cam2_07",6,"ccw",245,1899-12-31 00:15:04,250,"cw",NA,NA,NA,NA,NA,NA,NA,1899-12-31 00:15:05,15,"cw","cw",35,NA,125,"cw",0,125,15,15,125,0,0,125,1,1,2.18166156499291,11
"107",109,11,20221119,"FirstVsSubsequent_20221119_cam2_07",7,"cw",65,1899-12-31 00:15:23,85,"ccw",NA,NA,NA,NA,NA,NA,NA,1899-12-31 00:15:24,345,"ccw","ccw",25,NA,-100,"ccw",0,100,345,345,-100,0,0,100,1,1,1.74532925199433,11
"108",110,11,20221119,"FirstVsSubsequent_20221119_cam2_07",8,"ccw",245,1899-12-31 00:15:39,200,"ccw",NA,NA,NA,NA,NA,NA,NA,1899-12-31 00:15:40,30,"ccw","ccw",20,NA,-170,"ccw",1,170,30,30,-170,0,0,170,1,1,2.96705972839036,11
"109",111,11,20221119,"FirstVsSubsequent_20221119_cam2_07",9,"cw",65,1899-12-31 00:15:58,80,"cw",NA,NA,NA,NA,NA,NA,NA,1899-12-31 00:16:00,355,"cw","cw",15,NA,-85,"ccw",0,85,355,355,275,0,0,275,0,0,4.79965544298441,11
"110",112,11,20221119,"FirstVsSubsequent_20221119_cam2_07",10,"ccw",245,1899-12-31 00:16:23,180,"ccw",NA,NA,NA,NA,NA,NA,NA,1899-12-31 00:16:24,45,"ccw","ccw",15,NA,-135,"ccw",0,135,45,45,-135,0,0,135,1,1,2.35619449019234,11
"111",113,12,20221119,"FirstVsSubsequent_20221119_cam2_08",1,"ccw",260,1899-12-31 00:10:42,230,"cw",NA,NA,NA,NA,NA,NA,NA,1899-12-31 00:10:47,5,"cw","cw",10,NA,135,"cw",0,135,5,5,135,0,0,135,1,1,2.35619449019234,12
"112",114,12,20221119,"FirstVsSubsequent_20221119_cam2_08",2,"cw",80,1899-12-31 00:11:08,95,"ccw",NA,NA,NA,NA,NA,NA,NA,1899-12-31 00:11:11,325,"ccw","ccw",350,NA,-130,"ccw",0,130,325,325,-130,0,0,130,1,1,2.26892802759263,12
"113",115,12,20221119,"FirstVsSubsequent_20221119_cam2_08",3,"ccw",260,1899-12-31 00:11:31,240,"cw",NA,NA,NA,NA,NA,NA,NA,1899-12-31 00:11:37,10,"cw","cw",355,NA,130,"cw",0,130,10,10,130,0,0,130,1,1,2.26892802759263,12
"114",116,12,20221119,"FirstVsSubsequent_20221119_cam2_08",4,"cw",80,1899-12-31 00:11:55,90,"cw",NA,NA,NA,NA,NA,NA,NA,1899-12-31 00:11:59,355,"cw","cw",0,NA,-95,"ccw",0,95,355,355,265,0,0,265,0,0,4.62512251778497,12
"115",117,12,20221119,"FirstVsSubsequent_20221119_cam2_08",5,"ccw",260,1899-12-31 00:12:17,255,"ccw",NA,NA,NA,NA,NA,NA,NA,1899-12-31 00:12:20,335,"ccw","ccw",350,NA,80,"cw",0,80,335,335,-280,0,0,280,0,0,4.88692190558412,12
"116",118,12,20221119,"FirstVsSubsequent_20221119_cam2_08",6,"cw",80,1899-12-31 00:12:44,85,"cw",NA,NA,NA,NA,NA,NA,NA,1899-12-31 00:12:48,285,"cw","cw",320,NA,-160,"ccw",0,160,285,285,200,0,0,200,0,0,3.49065850398866,12
"117",119,12,20221119,"FirstVsSubsequent_20221119_cam2_08",7,"ccw",260,1899-12-31 00:13:05,255,"ccw",NA,NA,NA,NA,NA,NA,NA,1899-12-31 00:13:07,5,"ccw","ccw",345,NA,110,"cw",0,110,5,5,-250,0,0,250,0,0,4.36332312998582,12
"118",120,12,20221119,"FirstVsSubsequent_20221119_cam2_08",8,"cw",80,1899-12-31 00:13:23,90,"ccw",NA,NA,NA,NA,NA,NA,NA,1899-12-31 00:13:26,325,"ccw","ccw",5,NA,-125,"ccw",0,125,325,325,-125,0,0,125,1,1,2.18166156499291,12
"119",121,12,20221119,"FirstVsSubsequent_20221119_cam2_08",9,"ccw",260,1899-12-31 00:13:41,235,"cw",NA,NA,NA,NA,NA,NA,NA,1899-12-31 00:13:43,350,"cw","cw",15,NA,115,"cw",0,115,350,350,115,0,0,115,1,1,2.00712863979348,12
"120",122,12,20221119,"FirstVsSubsequent_20221119_cam2_08",10,"cw",80,1899-12-31 00:14:00,110,"cw",NA,NA,NA,NA,NA,NA,NA,1899-12-31 00:14:03,300,"cw","cw",350,NA,-170,"ccw",1,170,300,300,190,0,0,190,0,0,3.31612557878923,12
"121",123,13,20221119,"FirstVsSubsequent_20221119_cam2_09",1,"cw",355,1899-12-31 00:03:17,45,"cw",NA,90,"ccw",NA,NA,NA,NA,1899-12-31 00:03:19,275,"both","both",305,NA,-130,"ccw",0,130,90,275,45,-175,0,220,0,0,3.83972435438753,13
"122",124,13,20221119,"FirstVsSubsequent_20221119_cam2_09",2,"ccw",175,1899-12-31 00:03:40,150,"ccw",NA,NA,NA,NA,NA,NA,NA,1899-12-31 00:03:42,330,"ccw","ccw",330,NA,180,"cw",1,180,330,330,-180,0,0,180,0,1,3.14159265358979,13
"123",125,13,20221119,"FirstVsSubsequent_20221119_cam2_09",3,"cw",355,1899-12-31 00:04:11,350,"cw",NA,NA,NA,NA,NA,NA,NA,1899-12-31 00:04:12,15,"no","cw",335,NA,25,"cw",0,25,15,15,25,0,0,25,1,1,0.436332312998582,13
"124",126,13,20221119,"FirstVsSubsequent_20221119_cam2_09",4,"ccw",175,1899-12-31 00:04:31,175,"ccw",NA,NA,NA,NA,NA,NA,NA,1899-12-31 00:04:33,325,"ccw","ccw",345,NA,150,"cw",0,150,325,325,-210,0,0,210,0,0,3.66519142918809,13
"125",127,13,20221119,"FirstVsSubsequent_20221119_cam2_09",5,"cw",355,1899-12-31 00:04:48,30,"ccw",NA,NA,NA,NA,NA,NA,NA,1899-12-31 00:04:49,300,"ccw","ccw",315,NA,-90,"ccw",0,90,300,300,-90,0,0,90,1,1,1.5707963267949,13
"126",128,13,20221119,"FirstVsSubsequent_20221119_cam2_09",6,"ccw",175,1899-12-31 00:05:04,170,"cw",NA,NA,NA,NA,NA,NA,NA,1899-12-31 00:05:05,350,"cw","cw",340,NA,180,"cw",1,180,350,350,180,0,0,180,1,1,3.14159265358979,13
"127",129,13,20221119,"FirstVsSubsequent_20221119_cam2_09",7,"cw",355,1899-12-31 00:05:20,25,"ccw",NA,NA,NA,NA,NA,NA,NA,1899-12-31 00:05:21,335,"no","ccw",320,NA,-50,"ccw",0,50,335,335,-50,0,0,50,1,1,0.872664625997165,13
"128",130,13,20221119,"FirstVsSubsequent_20221119_cam2_09",8,"ccw",175,1899-12-31 00:05:34,155,"cw",NA,NA,NA,NA,NA,NA,NA,1899-12-31 00:05:35,320,"cw","cw",330,NA,165,"cw",0,165,320,320,165,0,0,165,1,1,2.87979326579064,13
"129",131,13,20221119,"FirstVsSubsequent_20221119_cam2_09",9,"cw",355,1899-12-31 00:05:49,40,"ccw",NA,NA,NA,NA,NA,NA,NA,1899-12-31 00:05:50,270,"ccw","ccw",310,NA,-130,"ccw",0,130,270,270,-130,0,0,130,1,1,2.26892802759263,13
"130",132,13,20221119,"FirstVsSubsequent_20221119_cam2_09",10,"ccw",175,1899-12-31 00:06:06,205,"cw",NA,NA,NA,NA,NA,NA,NA,1899-12-31 00:06:08,5,"cw","cw",345,NA,160,"cw",0,160,5,5,160,0,0,160,1,1,2.79252680319093,13
"131",133,14,20221119,"FirstVsSubsequent_20221119_cam2_09",1,"ccw",270,1899-12-31 00:16:34,270,"ccw",NA,NA,NA,NA,NA,NA,NA,1899-12-31 00:16:42,320,"ccw","ccw",330,NA,50,"cw",0,50,320,320,-310,0,0,310,0,0,5.41052068118242,14
"132",134,14,20221119,"FirstVsSubsequent_20221119_cam2_09",2,"cw",90,1899-12-31 00:17:00,65,"ccw",NA,NA,NA,NA,NA,NA,NA,1899-12-31 00:17:03,345,"ccw","ccw",345,NA,-80,"ccw",0,80,345,345,-80,0,0,80,1,1,1.39626340159546,14
"133",135,14,20221119,"FirstVsSubsequent_20221119_cam2_10",3,"ccw",270,1899-12-31 00:00:21,310,"cw",NA,NA,NA,NA,NA,NA,NA,1899-12-31 00:00:24,5,"no","cw",0,NA,55,"cw",0,55,5,5,55,0,0,55,1,1,0.959931088596881,14
"134",136,14,20221119,"FirstVsSubsequent_20221119_cam2_10",4,"cw",90,1899-12-31 00:00:37,90,"cw",NA,NA,NA,NA,NA,NA,NA,1899-12-31 00:00:40,320,"cw","cw",320,NA,-130,"ccw",0,130,320,320,230,0,0,230,0,0,4.01425727958696,14
"135",137,14,20221119,"FirstVsSubsequent_20221119_cam2_10",5,"ccw",270,1899-12-31 00:00:55,260,"ccw",NA,NA,NA,NA,NA,NA,NA,1899-12-31 00:00:59,335,"ccw","ccw",335,NA,75,"cw",0,75,335,335,-285,0,0,285,0,0,4.97418836818384,14
"136",138,14,20221119,"FirstVsSubsequent_20221119_cam2_10",6,"cw",90,1899-12-31 00:01:22,95,"cw",NA,NA,NA,NA,NA,NA,NA,1899-12-31 00:01:25,270,"cw","cw",315,NA,175,"cw",1,175,270,270,175,0,0,175,1,1,3.05432619099008,14
"137",139,14,20221119,"FirstVsSubsequent_20221119_cam2_10",7,"ccw",270,1899-12-31 00:01:40,275,"ccw",NA,NA,NA,NA,NA,NA,NA,1899-12-31 00:01:43,305,"ccw","ccw",315,NA,30,"cw",0,30,305,305,-330,0,0,330,0,0,5.75958653158129,14
"138",140,14,20221119,"FirstVsSubsequent_20221119_cam2_10",8,"cw",90,1899-12-31 00:01:58,105,"ccw",NA,NA,NA,NA,NA,NA,NA,1899-12-31 00:01:59,310,"ccw","ccw",310,NA,-155,"ccw",0,155,310,310,-155,0,0,155,1,1,2.70526034059121,14
"139",141,14,20221119,"FirstVsSubsequent_20221119_cam2_10",9,"ccw",270,1899-12-31 00:02:12,275,"cw",NA,NA,NA,NA,NA,NA,NA,1899-12-31 00:02:13,355,"cw","cw",345,NA,80,"cw",0,80,355,355,80,0,0,80,1,1,1.39626340159546,14
"140",142,14,20221119,"FirstVsSubsequent_20221119_cam2_10",10,"cw",90,1899-12-31 00:02:24,90,"cw",NA,NA,NA,NA,NA,NA,NA,1899-12-31 00:02:27,335,"cw","cw",340,NA,-115,"ccw",0,115,335,335,245,0,0,245,0,0,4.27605666738611,14
"141",153,16,20221119,"FirstVsSubsequent_20221119_cam2_11",1,"cw",210,1899-12-31 00:05:21,195,"cw",NA,NA,NA,NA,NA,NA,NA,1899-12-31 00:05:33,265,"cw","cw",285,NA,70,"cw",0,70,265,265,70,0,0,70,1,1,1.22173047639603,15
"142",154,16,20221119,"FirstVsSubsequent_20221119_cam2_11",2,"ccw",30,1899-12-31 00:05:46,40,"ccw",NA,NA,NA,NA,NA,NA,NA,1899-12-31 00:05:50,280,"ccw","ccw",300,NA,-120,"ccw",0,120,280,280,-120,0,0,120,1,1,2.0943951023932,15
"143",155,16,20221119,"FirstVsSubsequent_20221119_cam2_11",3,"cw",210,1899-12-31 00:06:04,220,"cw",NA,NA,NA,NA,NA,NA,NA,1899-12-31 00:06:06,270,"cw","cw",300,NA,50,"cw",0,50,270,270,50,0,0,50,1,1,0.872664625997165,15
"144",156,16,20221119,"FirstVsSubsequent_20221119_cam2_11",4,"ccw",30,1899-12-31 00:06:20,35,"ccw",NA,NA,NA,NA,NA,NA,NA,1899-12-31 00:06:22,245,"ccw","ccw",315,NA,-150,"ccw",0,150,245,245,-150,0,0,150,1,1,2.61799387799149,15
"145",157,16,20221119,"FirstVsSubsequent_20221119_cam2_11",5,"cw",210,1899-12-31 00:06:31,230,"ccw",NA,160,"cw",NA,NA,NA,NA,1899-12-31 00:06:35,275,"both","both",315,NA,45,"cw",0,45,160,275,-70,115,0,185,0,0,3.22885911618951,15
"146",158,16,20221119,"FirstVsSubsequent_20221119_cam2_11",6,"ccw",30,1899-12-31 00:06:48,40,"ccw",NA,NA,NA,NA,NA,NA,NA,1899-12-31 00:06:49,340,"ccw","ccw",325,NA,-60,"ccw",0,60,340,340,-60,0,0,60,1,1,1.0471975511966,15
"147",159,16,20221119,"FirstVsSubsequent_20221119_cam2_11",7,"cw",210,1899-12-31 00:06:59,200,"cw",NA,NA,NA,NA,NA,NA,NA,1899-12-31 00:07:00,315,"cw","cw",325,NA,115,"cw",0,115,315,315,115,0,0,115,1,1,2.00712863979348,15
"148",160,16,20221119,"FirstVsSubsequent_20221119_cam2_11",8,"ccw",30,1899-12-31 00:07:12,60,"ccw",NA,NA,NA,NA,NA,NA,NA,1899-12-31 00:07:13,270,"ccw","ccw",315,NA,-150,"ccw",0,150,270,270,-150,0,0,150,1,1,2.61799387799149,15
"149",161,16,20221119,"FirstVsSubsequent_20221119_cam2_11",9,"cw",210,1899-12-31 00:07:24,230,"ccw",NA,NA,NA,NA,NA,NA,NA,1899-12-31 00:07:27,280,"ccw","ccw",295,NA,50,"cw",0,50,280,280,-310,0,0,310,0,0,5.41052068118242,15
"150",162,16,20221119,"FirstVsSubsequent_20221119_cam2_11",10,"ccw",30,1899-12-31 00:07:41,40,"ccw",NA,NA,NA,NA,NA,NA,NA,1899-12-31 00:07:42,300,"ccw","ccw",330,NA,-100,"ccw",0,100,300,300,-100,0,0,100,1,1,1.74532925199433,15
"151",163,17,20221121,"FirstVsSubsequent_20221121_2_cam2_00",1,"ccw",0,1899-12-31 00:12:02,15,"ccw",NA,NA,NA,NA,NA,NA,NA,1899-12-31 00:12:09,195,"ccw","ccw",140,NA,180,"cw",1,180,195,195,-180,0,0,180,0,1,3.14159265358979,16
"152",164,17,20221121,"FirstVsSubsequent_20221121_2_cam2_00",2,"cw",180,1899-12-31 00:12:40,165,"cw",NA,NA,NA,NA,NA,NA,NA,1899-12-31 00:12:50,125,"cw","cw",155,NA,-40,"ccw",0,40,125,125,320,0,0,320,0,0,5.58505360638185,16
"153",165,17,20221121,"FirstVsSubsequent_20221121_2_cam2_00",3,"ccw",0,1899-12-31 00:13:16,10,"cw",NA,NA,NA,NA,NA,NA,NA,1899-12-31 00:13:21,180,"cw","cw",155,NA,170,"cw",1,170,180,180,170,0,0,170,1,1,2.96705972839036,16
"154",166,17,20221121,"FirstVsSubsequent_20221121_2_cam2_00",4,"cw",180,1899-12-31 00:13:46,180,"ccw",NA,NA,NA,NA,NA,NA,NA,1899-12-31 00:13:59,200,"ccw","ccw",125,NA,20,"cw",0,20,200,200,-340,0,0,340,0,0,5.93411945678072,16
"155",167,17,20221121,"FirstVsSubsequent_20221121_2_cam2_00",5,"ccw",0,1899-12-31 00:14:22,5,"cw",NA,NA,NA,NA,NA,NA,NA,1899-12-31 00:14:34,170,"cw","cw",125,NA,165,"cw",0,165,170,170,165,0,0,165,1,1,2.87979326579064,16
"156",168,17,20221121,"FirstVsSubsequent_20221121_2_cam2_00",6,"cw",180,1899-12-31 00:15:04,175,"cw",NA,NA,NA,NA,NA,NA,NA,1899-12-31 00:15:12,170,"cw","cw",150,NA,-5,"ccw",0,5,170,170,355,0,0,355,0,0,6.19591884457987,16
"157",169,17,20221121,"FirstVsSubsequent_20221121_2_cam2_00",7,"ccw",0,1899-12-31 00:15:39,5,"ccw",NA,NA,NA,NA,NA,NA,NA,1899-12-31 00:15:46,165,"ccw","ccw",150,NA,160,"cw",0,160,165,165,-200,0,0,200,0,0,3.49065850398866,16
"158",170,17,20221121,"FirstVsSubsequent_20221121_2_cam2_00",8,"cw",180,1899-12-31 00:16:08,175,"cw",NA,NA,NA,NA,NA,NA,NA,1899-12-31 00:16:19,165,"cw","cw",160,NA,-10,"ccw",0,10,165,165,350,0,0,350,0,0,6.10865238198015,16
"159",171,17,20221121,"FirstVsSubsequent_20221121_2_cam2_00",9,"ccw",0,1899-12-31 00:16:45,5,"cw",NA,NA,NA,NA,NA,NA,NA,1899-12-31 00:16:50,150,"cw","cw",160,NA,145,"cw",0,145,150,150,145,0,0,145,1,1,2.53072741539178,16
"160",172,17,20221121,"FirstVsSubsequent_20221121_2_cam2_00",10,"cw",180,1899-12-31 00:17:15,175,"cw",360,NA,NA,NA,NA,NA,NA,1899-12-31 00:17:31,200,"cw","cw",205,NA,25,"cw",0,25,200,200,385,0,0,385,1,0,6.71951762017817,16
"161",173,18,20221121,"FirstVsSubsequent_20221121_2_cam2_01",1,"cw",270,1899-12-31 00:02:27,280,"cw",NA,340,"ccw",NA,355,"cw",360,1899-12-31 00:03:35,235,"both","both",255,NA,-45,"ccw",0,45,340,355,60,-345,600,1005,0,0,17.540558982543,17
"162",174,18,20221121,"FirstVsSubsequent_20221121_2_cam2_01",2,"ccw",90,1899-12-31 00:03:59,90,"ccw",NA,NA,NA,NA,NA,NA,NA,1899-12-31 00:04:10,245,"ccw","ccw",250,NA,155,"cw",0,155,245,245,-205,0,0,205,0,0,3.57792496658838,17
"163",175,18,20221121,"FirstVsSubsequent_20221121_2_cam2_01",3,"cw",270,1899-12-31 00:04:38,280,"cw",NA,200,"ccw",-360,NA,NA,NA,1899-12-31 00:04:59,170,"both","both",155,NA,-110,"ccw",0,110,200,170,280,-390,0,670,0,0,11.693705988362,17
"164",176,18,20221121,"FirstVsSubsequent_20221121_2_cam2_01",4,"ccw",90,1899-12-31 00:05:27,100,"ccw",NA,NA,NA,NA,NA,NA,NA,1899-12-31 00:05:34,215,"ccw","ccw",175,NA,115,"cw",0,115,215,215,-245,0,0,245,0,0,4.27605666738611,17
"165",177,18,20221121,"FirstVsSubsequent_20221121_2_cam2_01",5,"cw",270,1899-12-31 00:06:04,300,"ccw",NA,145,"cw",NA,NA,NA,NA,1899-12-31 00:06:13,255,"both","both",165,NA,-45,"ccw",0,45,145,255,-155,110,0,265,0,0,4.62512251778497,17
"166",178,18,20221121,"FirstVsSubsequent_20221121_2_cam2_01",6,"ccw",90,1899-12-31 00:06:35,60,"ccw",NA,20,"cw",NA,NA,NA,NA,1899-12-31 00:06:47,235,"both","both",250,NA,175,"cw",1,175,20,235,-40,215,0,255,0,0,4.45058959258554,17
"167",179,18,20221121,"FirstVsSubsequent_20221121_2_cam2_01",7,"cw",270,1899-12-31 00:07:14,305,"ccw",-360,NA,NA,NA,NA,NA,NA,1899-12-31 00:07:30,230,"ccw","ccw",175,NA,-75,"ccw",0,75,230,230,-435,0,0,435,1,0,7.59218224617533,17
"168",180,18,20221121,"FirstVsSubsequent_20221121_2_cam2_01",8,"ccw",90,1899-12-31 00:07:53,60,"cw",NA,NA,NA,NA,NA,NA,NA,1899-12-31 00:08:00,225,"cw","cw",180,NA,165,"cw",0,165,225,225,165,0,0,165,1,1,2.87979326579064,17
"169",181,18,20221121,"FirstVsSubsequent_20221121_2_cam2_01",9,"cw",270,1899-12-31 00:08:20,295,"ccw",NA,NA,NA,NA,NA,NA,NA,1899-12-31 00:08:25,160,"ccw","ccw",145,NA,-135,"ccw",0,135,160,160,-135,0,0,135,1,1,2.35619449019234,17
"170",182,18,20221121,"FirstVsSubsequent_20221121_2_cam2_01",10,"ccw",90,1899-12-31 00:08:44,100,"cw",NA,NA,NA,NA,NA,NA,NA,1899-12-31 00:08:48,210,"cw","cw",160,NA,110,"cw",0,110,210,210,110,0,0,110,1,1,1.91986217719376,17
"171",183,19,20221121,"FirstVsSubsequent_20221121_pm2_cam2_00",1,"ccw",25,1899-12-31 00:06:38,15,"cw",NA,NA,NA,NA,NA,NA,NA,1899-12-31 00:06:46,155,"cw","cw",165,NA,140,"cw",0,140,155,155,140,0,0,140,1,1,2.44346095279206,18
"172",184,19,20221121,"FirstVsSubsequent_20221121_pm2_cam2_00",2,"cw",205,1899-12-31 00:07:26,215,"ccw",NA,NA,NA,NA,NA,NA,NA,1899-12-31 00:07:30,155,"ccw","ccw",170,NA,-60,"ccw",0,60,155,155,-60,0,0,60,1,1,1.0471975511966,18
"173",185,19,20221121,"FirstVsSubsequent_20221121_pm2_cam2_00",3,"ccw",25,1899-12-31 00:08:07,25,"ccw",NA,NA,NA,NA,NA,NA,NA,1899-12-31 00:08:18,220,"ccw","ccw",210,NA,-165,"ccw",0,165,220,220,-165,0,0,165,1,1,2.87979326579064,18
"174",186,19,20221121,"FirstVsSubsequent_20221121_pm2_cam2_00",4,"cw",205,1899-12-31 00:08:44,195,"cw",360,NA,NA,NA,NA,NA,NA,1899-12-31 00:08:49,205,"cw","cw",195,NA,10,"cw",0,10,205,205,370,0,0,370,1,0,6.45771823237902,18
"175",187,19,20221121,"FirstVsSubsequent_20221121_pm2_cam2_00",5,"ccw",25,1899-12-31 00:09:08,40,"cw",NA,NA,NA,NA,NA,NA,NA,1899-12-31 00:09:15,255,"cw","cw",225,NA,-145,"ccw",0,145,255,255,215,0,0,215,0,0,3.75245789178781,18
"176",188,19,20221121,"FirstVsSubsequent_20221121_pm2_cam2_00",6,"cw",205,1899-12-31 00:09:38,200,"ccw",NA,NA,NA,NA,NA,NA,NA,1899-12-31 00:09:45,270,"ccw","ccw",240,NA,70,"cw",0,70,270,270,-290,0,0,290,0,0,5.06145483078356,18
"177",189,19,20221121,"FirstVsSubsequent_20221121_pm2_cam2_00",7,"ccw",25,1899-12-31 00:10:12,30,"cw",NA,NA,NA,NA,NA,NA,NA,1899-12-31 00:10:16,260,"cw","cw",240,NA,-130,"ccw",0,130,260,260,230,0,0,230,0,0,4.01425727958696,18
"178",190,19,20221121,"FirstVsSubsequent_20221121_pm2_cam2_00",8,"cw",205,1899-12-31 00:10:35,185,"ccw",NA,NA,NA,NA,NA,NA,NA,1899-12-31 00:10:38,290,"ccw","ccw",255,NA,105,"cw",0,105,290,290,-255,0,0,255,0,0,4.45058959258554,18
"179",191,19,20221121,"FirstVsSubsequent_20221121_pm2_cam2_00",9,"ccw",25,1899-12-31 00:10:59,30,"cw",NA,NA,NA,NA,NA,NA,NA,1899-12-31 00:11:02,265,"cw","cw",255,NA,-125,"ccw",0,125,265,265,235,0,0,235,0,0,4.10152374218667,18
"180",192,19,20221121,"FirstVsSubsequent_20221121_pm2_cam2_00",10,"cw",205,1899-12-31 00:11:22,200,"ccw",NA,145,"cw",NA,NA,NA,NA,1899-12-31 00:11:35,270,"both","both",255,NA,70,"cw",0,70,145,270,-55,125,0,180,0,0,3.14159265358979,18
"181",193,20,20221121,"FirstVsSubsequent_20221121_pm2_cam2_01",1,"cw",160,1899-12-31 00:15:07,175,"ccw",NA,NA,NA,NA,NA,NA,NA,1899-12-31 00:15:11,30,"ccw","ccw",70,"from here I made sure to not include rotations that are part of ""patting"", rotations include those happening after climbing ball",-145,"ccw",0,145,30,30,-145,0,0,145,1,1,2.53072741539178,19
"182",194,20,20221121,"FirstVsSubsequent_20221121_pm2_cam2_01",2,"ccw",340,1899-12-31 00:15:40,320,"cw",NA,NA,NA,NA,NA,NA,NA,1899-12-31 00:15:43,85,"cw","cw",85,NA,125,"cw",0,125,85,85,125,0,0,125,1,1,2.18166156499291,19
"183",195,20,20221121,"FirstVsSubsequent_20221121_pm2_cam2_01",3,"cw",160,1899-12-31 00:16:08,155,"cw",NA,NA,NA,NA,NA,NA,NA,1899-12-31 00:16:11,70,"cw","cw",100,NA,-85,"ccw",0,85,70,70,275,0,0,275,0,0,4.79965544298441,19
"184",196,20,20221121,"FirstVsSubsequent_20221121_pm2_cam2_01",4,"ccw",340,1899-12-31 00:16:41,280,"cw",NA,NA,NA,NA,NA,NA,NA,1899-12-31 00:16:45,350,"cw","cw",80,NA,70,"cw",0,70,350,350,70,0,0,70,1,1,1.22173047639603,19
"185",197,20,20221121,"FirstVsSubsequent_20221121_pm2_cam2_01",5,"cw",160,1899-12-31 00:17:07,155,"cw",NA,NA,NA,NA,NA,NA,NA,1899-12-31 00:17:11,70,"cw","cw",90,NA,-85,"ccw",0,85,70,70,275,0,0,275,0,0,4.79965544298441,19
"186",198,20,20221121,"FirstVsSubsequent_20221121_pm2_cam2_01",6,"ccw",340,1899-12-31 00:17:37,280,"cw",NA,NA,NA,NA,NA,NA,NA,1899-12-31 00:17:39,90,"cw","cw",100,NA,170,"cw",1,170,90,90,170,0,0,170,1,1,2.96705972839036,19
"187",199,20,20221121,"FirstVsSubsequent_20221121_pm2_cam2_01",7,"cw",160,1899-12-31 00:18:11,140,"ccw",NA,NA,NA,NA,NA,NA,NA,1899-12-31 00:18:16,35,"ccw","ccw",75,NA,-105,"ccw",0,105,35,35,-105,0,0,105,1,1,1.83259571459405,19
"188",200,20,20221121,"FirstVsSubsequent_20221121_pm2_cam2_01",8,"ccw",340,1899-12-31 00:18:33,330,"ccw",NA,NA,NA,NA,NA,NA,NA,1899-12-31 00:18:37,75,"ccw","ccw",90,NA,105,"cw",0,105,75,75,-255,0,0,255,0,0,4.45058959258554,19
"189",201,20,20221121,"FirstVsSubsequent_20221121_pm2_cam2_01",9,"cw",160,1899-12-31 00:18:51,175,"cw",NA,265,"ccw",NA,NA,NA,NA,1899-12-31 00:18:54,85,"both","both",90,NA,-90,"ccw",0,90,265,85,90,-180,0,270,0,0,4.71238898038469,19
"190",202,20,20221121,"FirstVsSubsequent_20221121_pm2_cam2_02",10,"ccw",340,1899-12-31 00:00:09,340,"cw",NA,NA,NA,NA,NA,NA,NA,1899-12-31 00:00:11,85,"cw","cw",95,NA,105,"cw",0,105,85,85,105,0,0,105,1,1,1.83259571459405,19
"191",204,21,20221121,"FirstVsSubsequent_20221121_2_cam2_02",1,"ccw",220,1899-12-31 00:05:37,210,"ccw",NA,NA,NA,NA,NA,NA,NA,1899-12-31 00:05:42,245,"ccw","ccw",255,NA,35,"cw",0,35,245,245,-325,0,0,325,0,0,5.67232006898157,20
"192",205,21,20221121,"FirstVsSubsequent_20221121_2_cam2_02",2,"cw",40,1899-12-31 00:06:11,50,"ccw",NA,20,"cw",NA,NA,NA,NA,1899-12-31 00:06:16,280,"both","both",330,NA,-130,"ccw",0,130,20,280,-30,260,0,290,0,0,5.06145483078356,20
"193",206,21,20221121,"FirstVsSubsequent_20221121_2_cam2_02",3,"ccw",220,1899-12-31 00:06:37,235,"ccw",NA,NA,NA,NA,NA,NA,NA,1899-12-31 00:06:42,290,"ccw","ccw",325,NA,55,"cw",0,55,290,290,-305,0,0,305,0,0,5.32325421858271,20
"194",207,21,20221121,"FirstVsSubsequent_20221121_2_cam2_02",4,"cw",40,1899-12-31 00:07:02,35,"cw",NA,NA,NA,NA,NA,NA,NA,1899-12-31 00:07:06,255,"cw","cw",255,NA,-140,"ccw",0,140,255,255,220,0,0,220,0,0,3.83972435438753,20
"195",208,21,20221121,"FirstVsSubsequent_20221121_2_cam2_02",5,"ccw",220,1899-12-31 00:07:27,220,"cw",360,NA,NA,NA,NA,NA,NA,1899-12-31 00:07:33,250,"cw","cw",285,NA,30,"cw",0,30,250,250,390,0,0,390,1,0,6.80678408277788,20
"196",209,21,20221121,"FirstVsSubsequent_20221121_2_cam2_02",6,"cw",40,1899-12-31 00:07:57,45,"cw",NA,65,"ccw",NA,NA,NA,NA,1899-12-31 00:08:00,225,"both","both",255,NA,180,"cw",1,180,65,225,20,-200,0,220,0,0,3.83972435438753,20
"197",210,21,20221121,"FirstVsSubsequent_20221121_2_cam2_02",7,"ccw",220,1899-12-31 00:08:21,215,"ccw",NA,NA,NA,NA,NA,NA,NA,1899-12-31 00:08:24,230,"ccw","ccw",230,NA,15,"cw",0,15,230,230,-345,0,0,345,0,0,6.02138591938044,20
"198",211,21,20221121,"FirstVsSubsequent_20221121_2_cam2_02",8,"cw",40,1899-12-31 00:08:43,65,"ccw",NA,NA,NA,NA,NA,NA,NA,1899-12-31 00:08:46,270,"ccw","ccw",265,NA,-155,"ccw",0,155,270,270,-155,0,0,155,1,1,2.70526034059121,20
"199",212,21,20221121,"FirstVsSubsequent_20221121_2_cam2_02",9,"ccw",220,1899-12-31 00:09:01,225,"ccw",NA,NA,NA,NA,NA,NA,NA,1899-12-31 00:09:04,270,"ccw","ccw",250,NA,45,"cw",0,45,270,270,-315,0,0,315,0,0,5.49778714378214,20
"200",213,21,20221121,"FirstVsSubsequent_20221121_2_cam2_02",10,"cw",40,1899-12-31 00:09:23,45,"ccw",NA,350,"cw",NA,NA,NA,NA,1899-12-31 00:09:26,235,"both","both",260,NA,-170,"ccw",1,170,350,235,-55,245,0,300,0,0,5.23598775598299,20
"201",214,22,20221121,"FirstVsSubsequent_20221121_2_cam2_02",1,"cw",190,1899-12-31 00:11:14,205,"ccw",NA,NA,NA,NA,NA,NA,NA,1899-12-31 00:11:20,80,"ccw","ccw",90,NA,-125,"ccw",0,125,80,80,-125,0,0,125,1,1,2.18166156499291,21
"202",215,22,20221121,"FirstVsSubsequent_20221121_2_cam2_02",2,"ccw",10,1899-12-31 00:11:44,355,"ccw",NA,NA,NA,NA,NA,NA,NA,1899-12-31 00:11:52,110,"ccw","ccw",55,NA,115,"cw",0,115,110,110,-245,0,0,245,0,0,4.27605666738611,21
"203",216,22,20221121,"FirstVsSubsequent_20221121_2_cam2_02",3,"cw",190,1899-12-31 00:12:08,165,"ccw",NA,NA,NA,NA,NA,NA,NA,1899-12-31 00:12:11,5,"ccw","ccw",335,NA,-160,"ccw",0,160,5,5,-160,0,0,160,1,1,2.79252680319093,21
"204",217,22,20221121,"FirstVsSubsequent_20221121_2_cam2_02",4,"ccw",10,1899-12-31 00:12:34,5,"ccw",NA,NA,NA,NA,NA,NA,NA,1899-12-31 00:12:39,75,"ccw","ccw",80,NA,70,"cw",0,70,75,75,-290,0,0,290,0,0,5.06145483078356,21
"205",218,22,20221121,"FirstVsSubsequent_20221121_2_cam2_02",5,"cw",190,1899-12-31 00:13:04,185,"ccw",NA,NA,NA,NA,NA,NA,NA,1899-12-31 00:13:27,85,"ccw","ccw",125,NA,-100,"ccw",0,100,85,85,-100,0,0,100,1,1,1.74532925199433,21
"206",219,22,20221121,"FirstVsSubsequent_20221121_2_cam2_02",6,"ccw",10,1899-12-31 00:13:52,0,"ccw",NA,NA,NA,NA,NA,NA,NA,1899-12-31 00:13:55,205,"ccw","ccw",190,NA,-155,"ccw",0,155,205,205,-155,0,0,155,1,1,2.70526034059121,21
"207",220,22,20221121,"FirstVsSubsequent_20221121_2_cam2_02",7,"cw",190,1899-12-31 00:14:18,165,"cw",NA,NA,NA,NA,NA,NA,NA,1899-12-31 00:14:21,125,"cw","cw",135,NA,-40,"ccw",0,40,125,125,320,0,0,320,0,0,5.58505360638185,21
"208",221,22,20221121,"FirstVsSubsequent_20221121_2_cam2_02",8,"ccw",10,1899-12-31 00:14:35,5,"ccw",NA,NA,NA,NA,NA,NA,NA,1899-12-31 00:14:37,225,"ccw","ccw",220,NA,-140,"ccw",0,140,225,225,-140,0,0,140,1,1,2.44346095279206,21
"209",222,22,20221121,"FirstVsSubsequent_20221121_2_cam2_02",9,"cw",190,1899-12-31 00:14:54,160,"ccw",NA,NA,NA,NA,NA,NA,NA,1899-12-31 00:14:56,135,"ccw","ccw",145,NA,-25,"ccw",0,25,135,135,-25,0,0,25,1,1,0.436332312998582,21
"210",223,22,20221121,"FirstVsSubsequent_20221121_2_cam2_02",10,"ccw",10,1899-12-31 00:15:11,355,"ccw",NA,NA,NA,NA,NA,NA,NA,1899-12-31 00:15:13,155,"ccw","ccw",125,NA,160,"cw",0,160,155,155,-200,0,0,200,0,0,3.49065850398866,21
"211",229,24,20221121,"FirstVsSubsequent_20221121_2_cam2_03",1,"ccw",345,1899-12-31 00:16:19,355,"cw",NA,NA,NA,NA,NA,NA,NA,1899-12-31 00:16:32,30,"no","cw",100,NA,35,"cw",0,35,30,30,35,0,0,35,1,1,0.610865238198015,22
"212",230,24,20221121,"FirstVsSubsequent_20221121_2_cam2_04",2,"cw",165,1899-12-31 00:01:19,175,"ccw",NA,NA,NA,NA,NA,NA,NA,1899-12-31 00:01:24,35,"ccw","ccw",70,NA,-140,"ccw",0,140,35,35,-140,0,0,140,1,1,2.44346095279206,22
"213",231,24,20221121,"FirstVsSubsequent_20221121_2_cam2_04",3,"ccw",345,1899-12-31 00:01:58,10,"cw",NA,130,"ccw",NA,NA,NA,NA,1899-12-31 00:02:05,70,"both","both",90,NA,60,"cw",0,60,130,70,120,-60,0,180,0,0,3.14159265358979,22
"214",232,24,20221121,"FirstVsSubsequent_20221121_2_cam2_04",4,"cw",165,1899-12-31 00:02:42,140,"ccw",NA,NA,NA,NA,NA,NA,NA,1899-12-31 00:02:47,80,"ccw","ccw",90,NA,-60,"ccw",0,60,80,80,-60,0,0,60,1,1,1.0471975511966,22
"215",233,24,20221121,"FirstVsSubsequent_20221121_2_cam2_04",5,"ccw",345,1899-12-31 00:03:12,25,"ccw",NA,NA,NA,NA,NA,NA,NA,1899-12-31 00:03:21,150,"ccw","ccw",155,NA,125,"cw",0,125,150,150,-235,0,0,235,0,0,4.10152374218667,22
"216",234,24,20221121,"FirstVsSubsequent_20221121_2_cam2_04",6,"cw",165,1899-12-31 00:03:43,175,"cw",NA,NA,NA,NA,NA,NA,NA,1899-12-31 00:03:49,75,"cw","cw",140,NA,-100,"ccw",0,100,75,75,260,0,0,260,0,0,4.53785605518526,22
"217",235,24,20221121,"FirstVsSubsequent_20221121_2_cam2_04",7,"ccw",345,1899-12-31 00:04:14,335,"cw",NA,NA,NA,NA,NA,NA,NA,1899-12-31 00:04:18,55,"cw","cw",85,NA,80,"cw",0,80,55,55,80,0,0,80,1,1,1.39626340159546,22
"218",236,24,20221121,"FirstVsSubsequent_20221121_2_cam2_04",8,"cw",165,1899-12-31 00:04:37,105,"ccw",NA,NA,NA,NA,NA,NA,NA,1899-12-31 00:04:42,315,"ccw","ccw",355,NA,-150,"ccw",0,150,315,315,-150,0,0,150,1,1,2.61799387799149,22
"219",237,24,20221121,"FirstVsSubsequent_20221121_2_cam2_04",9,"ccw",345,1899-12-31 00:05:27,350,"cw",NA,55,"ccw",NA,NA,NA,NA,1899-12-31 00:05:43,75,"both","both",70,NA,85,"cw",0,85,55,75,65,-340,0,405,0,0,7.06858347057703,22
"220",238,24,20221121,"FirstVsSubsequent_20221121_2_cam2_04",10,"cw",165,1899-12-31 00:07:32,100,"cw",NA,NA,NA,NA,NA,NA,NA,1899-12-31 00:07:44,36,"cw","cw",80,NA,-64,"ccw",0,64,36,36,296,0,0,296,0,0,5.16617458590322,22
"221",239,25,20221121,"FirstVsSubsequent_20221121_2_cam2_04",1,"cw",70,1899-12-31 00:09:39,65,"cw",NA,NA,NA,NA,NA,NA,NA,1899-12-31 00:09:50,180,"cw","cw",140,NA,115,"cw",0,115,180,180,115,0,0,115,1,1,2.00712863979348,23
"222",240,25,20221121,"FirstVsSubsequent_20221121_2_cam2_04",2,"ccw",250,1899-12-31 00:10:19,245,"cw",NA,NA,NA,NA,NA,NA,NA,1899-12-31 00:10:23,55,"cw","cw",65,NA,170,"cw",1,170,55,55,170,0,0,170,1,1,2.96705972839036,23
"223",241,25,20221121,"FirstVsSubsequent_20221121_2_cam2_04",3,"cw",70,1899-12-31 00:10:45,45,"ccw",NA,325,"cw",NA,NA,NA,NA,1899-12-31 00:10:50,130,"both","both",80,NA,85,"cw",0,85,325,130,-80,165,0,245,0,0,4.27605666738611,23
"224",242,25,20221121,"FirstVsSubsequent_20221121_2_cam2_04",4,"ccw",250,1899-12-31 00:11:09,275,"cw",NA,NA,NA,NA,NA,NA,NA,1899-12-31 00:11:12,5,"cw","cw",30,NA,90,"cw",0,90,5,5,90,0,0,90,1,1,1.5707963267949,23
"225",243,25,20221121,"FirstVsSubsequent_20221121_2_cam2_04",5,"cw",70,1899-12-31 00:11:36,45,"cw",NA,95,"ccw",-720,NA,NA,NA,1899-12-31 00:11:56,315,"both","both",305,NA,-90,"ccw",0,90,95,315,50,-860,0,910,0,0,15.8824961931484,23
"226",244,25,20221121,"FirstVsSubsequent_20221121_2_cam2_04",6,"ccw",250,1899-12-31 00:12:17,235,"cw",NA,NA,NA,NA,NA,NA,NA,1899-12-31 00:12:25,345,"cw","cw",315,NA,110,"cw",0,110,345,345,110,0,0,110,1,1,1.91986217719376,23
"227",245,25,20221121,"FirstVsSubsequent_20221121_2_cam2_04",7,"cw",70,1899-12-31 00:12:46,65,"cw",NA,NA,NA,NA,NA,NA,NA,1899-12-31 00:12:51,240,"cw","cw",190,NA,175,"cw",1,175,240,240,175,0,0,175,1,1,3.05432619099008,23
"228",246,25,20221121,"FirstVsSubsequent_20221121_2_cam2_04",8,"ccw",250,1899-12-31 00:13:14,245,"cw",NA,NA,NA,NA,NA,NA,NA,1899-12-31 00:13:17,45,"cw","cw",20,NA,160,"cw",0,160,45,45,160,0,0,160,1,1,2.79252680319093,23
"229",247,25,20221121,"FirstVsSubsequent_20221121_2_cam2_04",9,"cw",70,1899-12-31 00:13:43,55,"ccw",NA,NA,NA,NA,NA,NA,NA,1899-12-31 00:13:56,255,"ccw","ccw",180,NA,-160,"ccw",0,160,255,255,-160,0,0,160,1,1,2.79252680319093,23
"230",248,25,20221121,"FirstVsSubsequent_20221121_2_cam2_04",10,"ccw",250,1899-12-31 00:14:26,310,"ccw",NA,NA,NA,NA,NA,NA,NA,1899-12-31 00:14:31,80,"ccw","ccw",75,NA,130,"cw",0,130,80,80,-230,0,0,230,0,0,4.01425727958696,23
"231",249,26,20221121,"FirstVsSubsequent_20221121_2_cam2_06",1,"ccw",215,1899-12-31 00:03:29,200,"cw",NA,115,"ccw",NA,NA,NA,NA,1899-12-31 00:03:42,305,"both","both",320,NA,105,"cw",0,105,115,305,275,-170,0,445,0,0,7.76671517137477,24
"232",250,26,20221121,"FirstVsSubsequent_20221121_2_cam2_06",2,"cw",35,1899-12-31 00:04:00,65,"ccw",NA,NA,NA,NA,NA,NA,NA,1899-12-31 00:04:05,350,"ccw","ccw",5,NA,-75,"ccw",0,75,350,350,-75,0,0,75,1,1,1.30899693899575,24
"233",251,26,20221121,"FirstVsSubsequent_20221121_2_cam2_06",3,"ccw",215,1899-12-31 00:04:30,205,"ccw",NA,NA,NA,NA,NA,NA,NA,1899-12-31 00:04:33,350,"ccw","ccw",350,NA,145,"cw",0,145,350,350,-215,0,0,215,0,0,3.75245789178781,24
"234",252,26,20221121,"FirstVsSubsequent_20221121_2_cam2_06",4,"cw",35,1899-12-31 00:05:00,45,"cw",NA,NA,NA,NA,NA,NA,NA,1899-12-31 00:05:05,355,"cw","cw",340,NA,-50,"ccw",0,50,355,355,310,0,0,310,0,0,5.41052068118242,24
"235",253,26,20221121,"FirstVsSubsequent_20221121_2_cam2_06",5,"ccw",215,1899-12-31 00:05:25,200,"cw",NA,NA,NA,NA,NA,NA,NA,1899-12-31 00:05:27,340,"cw","cw",350,NA,140,"cw",0,140,340,340,140,0,0,140,1,1,2.44346095279206,24
"236",254,26,20221121,"FirstVsSubsequent_20221121_2_cam2_06",6,"cw",35,1899-12-31 00:05:48,35,"cw",NA,NA,NA,NA,NA,NA,NA,1899-12-31 00:05:51,135,"cw","cw",90,"first does 5 degrees in each direction",100,"cw",0,100,135,135,100,0,0,100,1,1,1.74532925199433,24
"237",255,26,20221121,"FirstVsSubsequent_20221121_2_cam2_06",7,"ccw",215,1899-12-31 00:06:07,225,"cw",NA,NA,NA,NA,NA,NA,NA,1899-12-31 00:06:11,15,"cw","cw",20,NA,150,"cw",0,150,15,15,150,0,0,150,1,1,2.61799387799149,24
"238",256,26,20221121,"FirstVsSubsequent_20221121_2_cam2_06",8,"cw",35,1899-12-31 00:06:30,30,"cw",NA,160,"ccw",NA,NA,NA,NA,1899-12-31 00:06:40,290,"both","both",290,NA,-100,"ccw",0,100,160,290,130,-230,0,360,0,0,6.28318530717959,24
"239",257,26,20221121,"FirstVsSubsequent_20221121_2_cam2_06",9,"ccw",215,1899-12-31 00:06:58,190,"ccw",NA,NA,NA,NA,NA,NA,NA,1899-12-31 00:07:00,315,"ccw","ccw",280,NA,125,"cw",0,125,315,315,-235,0,0,235,0,0,4.10152374218667,24
"240",258,26,20221121,"FirstVsSubsequent_20221121_2_cam2_06",10,"cw",35,1899-12-31 00:07:18,20,"ccw",NA,NA,NA,NA,NA,NA,NA,1899-12-31 00:07:20,225,"ccw","ccw",210,NA,-155,"ccw",0,155,225,225,-155,0,0,155,1,1,2.70526034059121,24
"241",259,27,20221121,"FirstVsSubsequent_20221121_2_cam2_06",1,"cw",350,1899-12-31 00:13:05,15,"cw",NA,95,"ccw",NA,NA,NA,NA,1899-12-31 00:13:12,355,"both","both",310,NA,-20,"ccw",0,20,95,355,80,-100,0,180,0,0,3.14159265358979,25
"242",260,27,20221121,"FirstVsSubsequent_20221121_2_cam2_06",2,"ccw",170,1899-12-31 00:13:31,130,"ccw",NA,NA,NA,NA,NA,NA,NA,1899-12-31 00:13:36,310,"ccw","ccw",315,NA,180,"cw",1,180,310,310,-180,0,0,180,0,1,3.14159265358979,25
"243",261,27,20221121,"FirstVsSubsequent_20221121_2_cam2_06",3,"cw",350,1899-12-31 00:13:56,20,"cw",NA,NA,NA,NA,NA,NA,NA,1899-12-31 00:14:00,195,"cw","cw",180,NA,175,"cw",1,175,195,195,175,0,0,175,1,1,3.05432619099008,25
"244",262,27,20221121,"FirstVsSubsequent_20221121_2_cam2_06",4,"ccw",170,1899-12-31 00:14:17,140,"cw",NA,NA,NA,NA,NA,NA,NA,1899-12-31 00:14:19,205,"cw","cw",205,NA,65,"cw",0,65,205,205,65,0,0,65,1,1,1.13446401379631,25
"245",263,27,20221121,"FirstVsSubsequent_20221121_2_cam2_06",5,"cw",350,1899-12-31 00:14:35,30,"ccw",NA,NA,NA,NA,NA,NA,NA,1899-12-31 00:14:38,220,"ccw","ccw",255,NA,-170,"ccw",1,170,220,220,-170,0,0,170,1,1,2.96705972839036,25
"246",264,27,20221121,"FirstVsSubsequent_20221121_2_cam2_06",6,"ccw",170,1899-12-31 00:14:53,195,"cw",NA,NA,NA,NA,NA,NA,NA,1899-12-31 00:14:55,220,"cw","cw",265,NA,25,"cw",0,25,220,220,25,0,0,25,1,1,0.436332312998582,25
"247",265,27,20221121,"FirstVsSubsequent_20221121_2_cam2_06",7,"cw",350,1899-12-31 00:15:13,325,"ccw",NA,NA,NA,NA,NA,NA,NA,1899-12-31 00:15:15,240,"ccw","ccw",245,NA,-85,"ccw",0,85,240,240,-85,0,0,85,1,1,1.48352986419518,25
"248",266,27,20221121,"FirstVsSubsequent_20221121_2_cam2_06",8,"ccw",170,1899-12-31 00:15:30,130,"cw",NA,NA,NA,NA,NA,NA,NA,1899-12-31 00:15:31,160,"no","cw",160,NA,30,"cw",0,30,160,160,30,0,0,30,1,1,0.523598775598299,25
"249",267,27,20221121,"FirstVsSubsequent_20221121_2_cam2_06",9,"cw",350,1899-12-31 00:15:46,325,"cw",NA,NA,NA,NA,NA,NA,NA,1899-12-31 00:15:49,185,"cw","cw",245,NA,-140,"ccw",0,140,185,185,220,0,0,220,0,0,3.83972435438753,25
"250",268,27,20221121,"FirstVsSubsequent_20221121_2_cam2_06",10,"ccw",170,1899-12-31 00:16:03,190,"cw",NA,NA,NA,NA,NA,NA,NA,1899-12-31 00:16:04,310,"cw","cw",310,NA,120,"cw",0,120,310,310,120,0,0,120,1,1,2.0943951023932,25
"251",269,28,20221121,"FirstVsSubsequent_20221121_2_cam2_06",1,"ccw",120,1899-12-31 00:16:43,120,"cw",NA,290,"ccw",-360,NA,NA,NA,1899-12-31 00:16:53,280,"both","both",250,NA,160,"cw",0,160,290,280,170,-370,0,540,0,0,9.42477796076938,26
"252",270,28,20221121,"FirstVsSubsequent_20221121_2_cam2_06",2,"cw",300,1899-12-31 00:17:09,340,"ccw",-360,NA,NA,NA,NA,NA,NA,1899-12-31 00:17:14,300,"ccw","ccw",315,NA,-40,"ccw",0,40,300,300,-400,0,0,400,1,0,6.98131700797732,26
"253",271,28,20221121,"FirstVsSubsequent_20221121_2_cam2_06",3,"ccw",120,1899-12-31 00:17:30,145,"cw",NA,NA,NA,NA,NA,NA,NA,1899-12-31 00:17:32,310,"cw","cw",270,NA,165,"cw",0,165,310,310,165,0,0,165,1,1,2.87979326579064,26
"254",272,28,20221121,"FirstVsSubsequent_20221121_2_cam2_06",4,"cw",300,1899-12-31 00:17:52,330,"ccw",NA,NA,NA,NA,NA,NA,NA,1899-12-31 00:17:55,230,"ccw","ccw",230,NA,-100,"ccw",0,100,230,230,-100,0,0,100,1,1,1.74532925199433,26
"255",273,28,20221121,"FirstVsSubsequent_20221121_2_cam2_07",5,"ccw",120,1899-12-31 00:00:16,120,"cw",NA,NA,NA,NA,NA,NA,NA,1899-12-31 00:00:18,260,"cw","cw",345,NA,140,"cw",0,140,260,260,140,0,0,140,1,1,2.44346095279206,26
"256",274,28,20221121,"FirstVsSubsequent_20221121_2_cam2_07",6,"cw",300,1899-12-31 00:00:33,305,"ccw",NA,NA,NA,NA,NA,NA,NA,1899-12-31 00:00:37,355,"ccw","ccw",330,NA,50,"cw",0,50,355,355,-310,0,0,310,0,0,5.41052068118242,26
"257",275,28,20221121,"FirstVsSubsequent_20221121_2_cam2_07",7,"ccw",120,1899-12-31 00:00:52,120,"cw",NA,NA,NA,NA,NA,NA,NA,1899-12-31 00:00:56,0,"cw","cw",355,NA,-120,"ccw",0,120,0,0,240,0,0,240,0,0,4.18879020478639,26
"258",276,28,20221121,"FirstVsSubsequent_20221121_2_cam2_07",8,"cw",300,1899-12-31 00:01:09,300,"ccw",NA,NA,NA,NA,NA,NA,NA,1899-12-31 00:01:12,50,"ccw","ccw",10,NA,110,"cw",0,110,50,50,-250,0,0,250,0,0,4.36332312998582,26
"259",277,28,20221121,"FirstVsSubsequent_20221121_2_cam2_07",9,"ccw",120,1899-12-31 00:01:27,130,"cw",NA,NA,NA,NA,NA,NA,NA,1899-12-31 00:01:30,25,"cw","cw",10,NA,-105,"ccw",0,105,25,25,255,0,0,255,0,0,4.45058959258554,26
"260",278,28,20221121,"FirstVsSubsequent_20221121_2_cam2_07",10,"cw",300,1899-12-31 00:01:42,295,"ccw",NA,NA,NA,NA,NA,NA,NA,1899-12-31 00:01:45,85,"ccw","ccw",65,NA,150,"cw",0,150,85,85,-210,0,0,210,0,0,3.66519142918809,26
"261",279,29,20221121,"FirstVsSubsequent_20221121_2_cam2_08",1,"cw",310,1899-12-31 00:02:22,340,"cw",NA,50,"ccw",NA,NA,NA,NA,1899-12-31 00:02:36,195,"both","both",165,NA,-145,"ccw",0,145,50,195,70,-215,0,285,0,0,4.97418836818384,27
"262",280,29,20221121,"FirstVsSubsequent_20221121_2_cam2_08",2,"ccw",130,1899-12-31 00:02:54,105,"cw",360,NA,NA,NA,NA,NA,NA,1899-12-31 00:03:03,155,"cw","cw",175,NA,50,"cw",0,50,155,155,410,0,0,410,1,0,7.15584993317675,27
"263",281,29,20221121,"FirstVsSubsequent_20221121_2_cam2_08",3,"cw",310,1899-12-31 00:03:24,340,"cw",NA,NA,NA,NA,NA,NA,NA,1899-12-31 00:03:27,145,"cw","cw",165,NA,165,"cw",0,165,145,145,165,0,0,165,1,1,2.87979326579064,27
"264",282,29,20221121,"FirstVsSubsequent_20221121_2_cam2_08",4,"ccw",130,1899-12-31 00:03:49,110,"cw",360,NA,NA,NA,NA,NA,NA,1899-12-31 00:03:57,150,"cw","cw",150,NA,40,"cw",0,40,150,150,400,0,0,400,1,0,6.98131700797732,27
"265",283,29,20221121,"FirstVsSubsequent_20221121_2_cam2_08",5,"cw",310,1899-12-31 00:04:15,345,"cw",NA,NA,NA,NA,NA,NA,NA,1899-12-31 00:04:19,90,"cw","cw",110,NA,105,"cw",0,105,90,90,105,0,0,105,1,1,1.83259571459405,27
"266",284,29,20221121,"FirstVsSubsequent_20221121_2_cam2_08",6,"ccw",130,1899-12-31 00:04:38,90,"ccw",NA,NA,NA,NA,NA,NA,NA,1899-12-31 00:04:44,215,"ccw","ccw",250,NA,125,"cw",0,125,215,215,-235,0,0,235,0,0,4.10152374218667,27
"267",285,29,20221121,"FirstVsSubsequent_20221121_2_cam2_08",7,"cw",310,1899-12-31 00:05:02,300,"ccw",NA,NA,NA,NA,NA,NA,NA,1899-12-31 00:05:04,205,"ccw","ccw",160,NA,-95,"ccw",0,95,205,205,-95,0,0,95,1,1,1.65806278939461,27
"268",286,29,20221121,"FirstVsSubsequent_20221121_2_cam2_08",8,"ccw",130,1899-12-31 00:05:25,110,"cw",NA,275,"ccw",NA,NA,NA,NA,1899-12-31 00:05:30,205,"both","both",180,NA,95,"cw",0,95,275,205,165,-70,0,235,0,0,4.10152374218667,27
"269",287,29,20221121,"FirstVsSubsequent_20221121_2_cam2_08",9,"cw",310,1899-12-31 00:05:47,315,"ccw",NA,NA,NA,NA,NA,NA,NA,1899-12-31 00:05:50,165,"ccw","ccw",160,NA,-150,"ccw",0,150,165,165,-150,0,0,150,1,1,2.61799387799149,27
"270",288,29,20221121,"FirstVsSubsequent_20221121_2_cam2_08",10,"ccw",130,1899-12-31 00:06:06,110,"cw",NA,NA,NA,NA,NA,NA,NA,1899-12-31 00:06:08,260,"cw","cw",265,NA,150,"cw",0,150,260,260,150,0,0,150,1,1,2.61799387799149,27
"271",289,30,20221121,"FirstVsSubsequent_20221121_2_cam2_09",1,"ccw",120,1899-12-31 00:06:06,110,"ccw",NA,NA,NA,NA,NA,NA,NA,1899-12-31 00:06:17,0,"ccw","ccw",235,NA,-110,"ccw",0,110,0,0,-110,0,0,110,1,1,1.91986217719376,28
"272",290,30,20221121,"FirstVsSubsequent_20221121_2_cam2_09",2,"cw",300,1899-12-31 00:06:42,305,"ccw",NA,NA,NA,NA,NA,NA,NA,1899-12-31 00:06:54,200,"ccw","ccw",190,NA,-105,"ccw",0,105,200,200,-105,0,0,105,1,1,1.83259571459405,28
"273",291,30,20221121,"FirstVsSubsequent_20221121_2_cam2_09",3,"ccw",120,1899-12-31 00:07:15,85,"ccw",NA,NA,NA,NA,NA,NA,NA,1899-12-31 00:07:18,265,"ccw","ccw",295,NA,180,"cw",1,180,265,265,-180,0,0,180,0,1,3.14159265358979,28
"274",292,30,20221121,"FirstVsSubsequent_20221121_2_cam2_09",4,"cw",300,1899-12-31 00:07:43,310,"cw",NA,NA,NA,NA,NA,NA,NA,1899-12-31 00:07:44,335,"cw","cw",300,NA,25,"cw",0,25,335,335,25,0,0,25,1,1,0.436332312998582,28
"275",293,30,20221121,"FirstVsSubsequent_20221121_2_cam2_09",5,"ccw",120,1899-12-31 00:08:05,90,"cw",NA,NA,NA,NA,NA,NA,NA,1899-12-31 00:08:10,265,"cw","cw",270,NA,175,"cw",1,175,265,265,175,0,0,175,1,1,3.05432619099008,28
"276",294,30,20221121,"FirstVsSubsequent_20221121_2_cam2_09",6,"cw",300,1899-12-31 00:08:31,290,"ccw",NA,NA,NA,NA,NA,NA,NA,1899-12-31 00:08:32,265,"no","ccw",275,NA,-25,"ccw",0,25,265,265,-25,0,0,25,1,1,0.436332312998582,28
"277",295,30,20221121,"FirstVsSubsequent_20221121_2_cam2_09",7,"ccw",120,1899-12-31 00:08:52,135,"ccw",NA,NA,NA,NA,NA,NA,NA,1899-12-31 00:08:54,315,"ccw","ccw",300,NA,180,"cw",1,180,315,315,-180,0,0,180,0,1,3.14159265358979,28
"278",296,30,20221121,"FirstVsSubsequent_20221121_2_cam2_09",8,"cw",300,1899-12-31 00:09:07,285,"cw",NA,NA,NA,NA,NA,NA,NA,1899-12-31 00:09:09,300,"no","cw",295,NA,15,"cw",0,15,300,300,15,0,0,15,1,1,0.261799387799149,28
"279",297,30,20221121,"FirstVsSubsequent_20221121_2_cam2_09",9,"ccw",120,1899-12-31 00:09:24,125,"ccw",NA,NA,NA,NA,NA,NA,NA,1899-12-31 00:09:26,325,"ccw","ccw",310,NA,-160,"ccw",0,160,325,325,-160,0,0,160,1,1,2.79252680319093,28
"280",298,30,20221121,"FirstVsSubsequent_20221121_2_cam2_09",10,"cw",300,1899-12-31 00:09:42,315,"ccw",NA,NA,NA,NA,NA,NA,NA,1899-12-31 00:09:43,305,"no","ccw",295,NA,-10,"ccw",0,10,305,305,-10,0,0,10,1,1,0.174532925199433,28
"281",299,31,20221121,"FirstVsSubsequent_20221121_2_cam2_09",1,"cw",65,1899-12-31 00:13:20,80,"ccw",NA,NA,NA,NA,NA,NA,NA,1899-12-31 00:13:32,35,"no","ccw",345,NA,-45,"ccw",0,45,35,35,-45,0,0,45,1,1,0.785398163397448,29
"282",300,31,20221121,"FirstVsSubsequent_20221121_2_cam2_09",2,"ccw",245,1899-12-31 00:14:44,245,"cw",NA,NA,NA,NA,NA,NA,NA,1899-12-31 00:14:46,320,"cw","cw",270,NA,75,"cw",0,75,320,320,75,0,0,75,1,1,1.30899693899575,29
"283",301,31,20221121,"FirstVsSubsequent_20221121_2_cam2_09",3,"cw",65,1899-12-31 00:15:09,50,"ccw",NA,NA,NA,NA,NA,NA,NA,1899-12-31 00:15:11,275,"ccw","ccw",270,NA,-135,"ccw",0,135,275,275,-135,0,0,135,1,1,2.35619449019234,29
"284",302,31,20221121,"FirstVsSubsequent_20221121_2_cam2_09",4,"ccw",245,1899-12-31 00:15:29,245,"cw",NA,NA,NA,NA,NA,NA,NA,1899-12-31 00:15:32,275,"no","cw",195,NA,30,"cw",0,30,275,275,30,0,0,30,1,1,0.523598775598299,29
"285",303,31,20221121,"FirstVsSubsequent_20221121_2_cam2_09",5,"cw",65,1899-12-31 00:15:55,95,"ccw",NA,NA,NA,NA,NA,NA,NA,1899-12-31 00:16:02,285,"ccw","ccw",195,NA,-170,"ccw",1,170,285,285,-170,0,0,170,1,1,2.96705972839036,29
"286",304,31,20221121,"FirstVsSubsequent_20221121_2_cam2_09",6,"ccw",245,1899-12-31 00:16:24,280,"ccw",NA,NA,NA,NA,NA,NA,NA,1899-12-31 00:16:28,270,"no","ccw",275,NA,-10,"ccw",0,10,270,270,-10,0,0,10,1,1,0.174532925199433,29
"287",305,31,20221121,"FirstVsSubsequent_20221121_2_cam2_09",7,"cw",65,1899-12-31 00:16:45,85,"ccw",NA,NA,NA,NA,NA,NA,NA,1899-12-31 00:16:50,210,"ccw","ccw",185,NA,125,"cw",0,125,210,210,-235,0,0,235,0,0,4.10152374218667,29
"288",306,31,20221121,"FirstVsSubsequent_20221121_2_cam2_09",8,"ccw",245,1899-12-31 00:17:15,305,"ccw",-360,NA,NA,NA,NA,NA,NA,1899-12-31 00:17:21,275,"ccw","ccw",230,NA,-30,"ccw",0,30,275,275,-390,0,0,390,1,0,6.80678408277788,29
"289",307,31,20221121,"FirstVsSubsequent_20221121_2_cam2_09",9,"cw",65,1899-12-31 00:17:42,75,"ccw",NA,NA,NA,NA,NA,NA,NA,1899-12-31 00:17:44,275,"ccw","ccw",230,NA,-160,"ccw",0,160,275,275,-160,0,0,160,1,1,2.79252680319093,29
"290",308,31,20221121,"FirstVsSubsequent_20221121_2_cam2_09/FirstVsSubsequent_20221121_2_cam2_10",10,"ccw",245,1899-12-31 00:18:05,245,"cw",NA,NA,NA,NA,NA,NA,NA,1899-12-31 00:00:04,225,"cw","cw",265,NA,-20,"ccw",0,20,225,225,340,0,0,340,0,0,5.93411945678072,29
"291",309,32,20221121,"FirstVsSubsequent_20221121_pm2_cam2_04",1,"ccw",40,1899-12-31 00:02:35,345,"cw",NA,NA,NA,NA,NA,NA,NA,1899-12-31 00:02:41,145,"cw","cw",195,NA,160,"cw",0,160,145,145,160,0,0,160,1,1,2.79252680319093,30
"292",310,32,20221121,"FirstVsSubsequent_20221121_pm2_cam2_04",2,"cw",220,1899-12-31 00:03:12,225,"ccw",NA,NA,NA,NA,NA,NA,NA,1899-12-31 00:03:13,185,"no","ccw",205,NA,-40,"ccw",0,40,185,185,-40,0,0,40,1,1,0.698131700797732,30
"293",311,32,20221121,"FirstVsSubsequent_20221121_pm2_cam2_04",3,"ccw",40,1899-12-31 00:03:38,75,"cw",NA,NA,NA,NA,NA,NA,NA,1899-12-31 00:03:41,260,"cw","cw",230,NA,-175,"ccw",1,175,260,260,185,0,0,185,0,0,3.22885911618951,30
"294",312,32,20221121,"FirstVsSubsequent_20221121_pm2_cam2_04",4,"cw",220,1899-12-31 00:04:02,250,"ccw",NA,NA,NA,NA,NA,NA,NA,1899-12-31 00:04:03,225,"no","ccw",225,NA,-25,"ccw",0,25,225,225,-25,0,0,25,1,1,0.436332312998582,30
"295",313,32,20221121,"FirstVsSubsequent_20221121_pm2_cam2_04",5,"ccw",40,1899-12-31 00:04:20,35,"ccw",NA,NA,NA,NA,NA,NA,NA,1899-12-31 00:04:24,250,"ccw","ccw",230,NA,-145,"ccw",0,145,250,250,-145,0,0,145,1,1,2.53072741539178,30
"296",314,32,20221121,"FirstVsSubsequent_20221121_pm2_cam2_04",6,"cw",220,1899-12-31 00:04:41,220,"cw",NA,NA,NA,NA,NA,NA,NA,1899-12-31 00:04:42,270,"cw","cw",235,NA,50,"cw",0,50,270,270,50,0,0,50,1,1,0.872664625997165,30
"297",315,32,20221121,"FirstVsSubsequent_20221121_pm2_cam2_04",7,"ccw",40,1899-12-31 00:04:58,25,"ccw",NA,NA,NA,NA,NA,NA,NA,1899-12-31 00:05:00,260,"ccw","ccw",235,NA,-125,"ccw",0,125,260,260,-125,0,0,125,1,1,2.18166156499291,30
"298",316,32,20221121,"FirstVsSubsequent_20221121_pm2_cam2_04",8,"cw",220,1899-12-31 00:05:15,210,"cw",NA,NA,NA,NA,NA,NA,NA,1899-12-31 00:05:16,275,"cw","cw",235,NA,65,"cw",0,65,275,275,65,0,0,65,1,1,1.13446401379631,30
"299",317,32,20221121,"FirstVsSubsequent_20221121_pm2_cam2_04",9,"ccw",40,1899-12-31 00:05:34,0,"ccw",NA,NA,NA,NA,NA,NA,NA,1899-12-31 00:05:35,290,"ccw","ccw",230,NA,-70,"ccw",0,70,290,290,-70,0,0,70,1,1,1.22173047639603,30
"300",318,32,20221121,"FirstVsSubsequent_20221121_pm2_cam2_04",10,"cw",220,1899-12-31 00:05:50,220,"cw",NA,NA,NA,NA,NA,NA,NA,1899-12-31 00:05:51,280,"no","cw",230,NA,60,"cw",0,60,280,280,60,0,0,60,1,1,1.0471975511966,30
