index;beetle;individual_number;date;video 2 name;run number;placed from;placed from angle theoretical (degrees);start time;placed from angle (degrees);rotation 1 direction;rotation 1 full lap? (degrees);angle before direction change 1 (degrees);rotation 2 direction;rotation 2 full lap? (degrees);angle before direction change 2 (degrees);rotation 3 direction;rotation 3 full lap? (degrees);end time;go down angle (degrees);rotation category manual;rotation category measured;exit angle (degrees);comment;smallest possible angle (degrees);smallest possible direction;smallest possible rotation large;smallest absolute angle (degrees);end angle for rotation 1 (degrees);end angle for rotation 2 (degrees);degrees rotation 1;degrees rotation 2;degrees rotation 3;total absolute degrees of rotation
1;1;1;20221119;FirstVsSubsequent_20221119_cam2_00;1;ccw;100,00;00:09:19;80;ccw;;;;;;;;00:09:22;180;ccw;ccw;185;;100;cw;0;100;180;180;-260;0;0;260
2;1;1;20221119;FirstVsSubsequent_20221119_cam2_00;2;cw;280,00;00:09:41;290;cw;;;;;;;;00:09:46;150;cw;cw;145;;-140;ccw;0;140;150;150;220;0;0;220
3;1;1;20221119;FirstVsSubsequent_20221119_cam2_00;3;ccw;100,00;00:09:57;90;cw;;;;;;;;00:09:59;120;no;cw;140;;30;cw;0;30;120;120;30;0;0;30
4;1;1;20221119;FirstVsSubsequent_20221119_cam2_00;4;cw;280,00;00:10:11;320;ccw;;;;;;;;00:10:12;165;ccw;ccw;150;;-155;ccw;0;155;165;165;-155;0;0;155
5;1;1;20221119;FirstVsSubsequent_20221119_cam2_00;5;ccw;100,00;00:10:24;90;cw;;;;;;;;00:10:25;185;cw;cw;150;;95;cw;0;95;185;185;95;0;0;95
6;1;1;20221119;FirstVsSubsequent_20221119_cam2_00;6;cw;280,00;00:10:36;285;cw;;;;;;;;00:10:38;125;cw;cw;155;;-160;ccw;0;160;125;125;200;0;0;200
7;1;1;20221119;FirstVsSubsequent_20221119_cam2_00;7;ccw;100,00;00:10:49;70;ccw;;;;;;;;00:10:51;200;ccw;ccw;145;;130;cw;0;130;200;200;-230;0;0;230
8;1;1;20221119;FirstVsSubsequent_20221119_cam2_00;8;cw;280,00;00:11:02;275;cw;;;;;;;;00:11:03;145;cw;cw;145;;-130;ccw;0;130;145;145;230;0;0;230
9;1;1;20221119;FirstVsSubsequent_20221119_cam2_00;9;ccw;100,00;00:11:16;80;cw;;;;;;;;00:11:19;100;no;cw;160;;20;cw;0;20;100;100;20;0;0;20
10;1;1;20221119;FirstVsSubsequent_20221119_cam2_00;10;cw;280,00;00:11:32;285;cw;;;;;;;;00:11:33;130;cw;cw;145;;-155;ccw;0;155;130;130;205;0;0;205
11;2;2;20221119;FirstVsSubsequent_20221119_cam2_00;1;cw;55,00;00:16:48;75;cw;;;;;;;;00:16:57;240;cw;cw;310;;165;cw;1;165;240;240;165;0;0;165
12;2;2;20221119;FirstVsSubsequent_20221119_cam2_00;2;ccw;235,00;00:17:33;200;cw;;;;;;;;00:17:36;330;cw;cw;340;;130;cw;0;130;330;330;130;0;0;130
13;2;2;20221119;FirstVsSubsequent_20221119_cam2_01;3;cw;55,00;00:01:03;60;ccw;;;;;;;;00:01:06;305;ccw;ccw;330;;-115;ccw;0;115;305;305;-115;0;0;115
14;2;2;20221119;FirstVsSubsequent_20221119_cam2_01;4;ccw;235,00;00:01:27;150;ccw;;;;;;;;00:01:29;40;ccw;ccw;5;;-110;ccw;0;110;40;40;-110;0;0;110
15;2;2;20221119;FirstVsSubsequent_20221119_cam2_01;5;cw;55,00;00:02:02;90;ccw;;;;;;;;00:02:05;325;ccw;ccw;345;;-125;ccw;0;125;325;325;-125;0;0;125
16;2;2;20221119;FirstVsSubsequent_20221119_cam2_01;6;ccw;235,00;00:02:25;250;cw;;;;;;;;00:02:26;0;cw;cw;5;;110;cw;0;110;0;0;110;0;0;110
17;2;2;20221119;FirstVsSubsequent_20221119_cam2_01;7;cw;55,00;00:02:50;50;ccw;;;;;;;;00:02:54;295;ccw;ccw;340;;-115;ccw;0;115;295;295;-115;0;0;115
18;2;2;20221119;FirstVsSubsequent_20221119_cam2_01;8;ccw;235,00;00:03:15;215;ccw;;;;;;;;00:03:21;5;ccw;ccw;345;;150;cw;0;150;5;5;-210;0;0;210
19;2;2;20221119;FirstVsSubsequent_20221119_cam2_01;9;cw;55,00;00:04:15;95;cw;;;;;;;;00:04:19;250;cw;cw;325;;155;cw;0;155;250;250;155;0;0;155
20;2;2;20221119;FirstVsSubsequent_20221119_cam2_01;10;ccw;235,00;00:04:33;210;ccw;;;;;;;;00:04:36;30;ccw;ccw;350;;180;cw;1;180;30;30;-180;0;0;180
21;3;3;20221119;FirstVsSubsequent_20221119_cam2_01;1;ccw;250,00;00:05:40;325;ccw;;;;;;;;00:05:44;25;ccw;ccw;40;;60;cw;0;60;25;25;-300;0;0;300
22;3;3;20221119;FirstVsSubsequent_20221119_cam2_01;2;cw;70,00;00:06:11;130;ccw;;;;;;;;00:06:13;45;ccw;ccw;90;;-85;ccw;0;85;45;45;-85;0;0;85
23;3;3;20221119;FirstVsSubsequent_20221119_cam2_01;3;ccw;250,00;00:06:28;195;cw;;;;;;;;00:06:30;20;cw;cw;70;;-175;ccw;1;175;20;20;185;0;0;185
24;3;3;20221119;FirstVsSubsequent_20221119_cam2_01;4;cw;70,00;00:06:45;80;ccw;;;;;;;;00:06:46;45;no;ccw;45;;-35;ccw;0;35;45;45;-35;0;0;35
25;3;3;20221119;FirstVsSubsequent_20221119_cam2_01;5;ccw;250,00;00:07:02;210;ccw;;160;cw;;;;;00:07:04;350;both;both;5;;140;cw;0;140;160;350;-50;190;0;240
26;3;3;20221119;FirstVsSubsequent_20221119_cam2_01;6;cw;70,00;00:07:15;85;ccw;;;;;;;;00:07:17;325;ccw;ccw;330;;-120;ccw;0;120;325;325;-120;0;0;120
27;3;3;20221119;FirstVsSubsequent_20221119_cam2_01;7;ccw;250,00;00:07:30;185;cw;;;;;;;;00:07:31;325;cw;cw;335;;140;cw;0;140;325;325;140;0;0;140
28;3;3;20221119;FirstVsSubsequent_20221119_cam2_01;8;cw;70,00;00:07:42;165;cw;;;;;;;;00:07:43;275;cw;cw;325;;110;cw;0;110;275;275;110;0;0;110
29;3;3;20221119;FirstVsSubsequent_20221119_cam2_01;9;ccw;250,00;00:07:54;205;ccw;;190;cw;;;;;00:07:57;255;no;both;345;;50;cw;0;50;190;255;-15;65;0;80
30;3;3;20221119;FirstVsSubsequent_20221119_cam2_01;10;cw;70,00;00:08:07;105;cw;;;;;;;;00:08:09;225;cw;cw;320;;120;cw;0;120;225;225;120;0;0;120
33;4;4;20221119;FirstVsSubsequent_20221119_cam2_01;1;cw;120,00;00:12:07;140;ccw;;195;cw;;;;;00:12:14;35;both;both;30;;-105;ccw;0;105;195;35;-305;200;0;505
34;4;4;20221119;FirstVsSubsequent_20221119_cam2_01;2;ccw;300,00;00:12:52;310;cw;;;;;;;;00:12:55;45;cw;cw;20;;95;cw;0;95;45;45;95;0;0;95
35;4;4;20221119;FirstVsSubsequent_20221119_cam2_01;3;cw;120,00;00:13:17;140;cw;;;;;;;;00:13:20;320;cw;cw;5;;180;cw;1;180;320;320;180;0;0;180
36;4;4;20221119;FirstVsSubsequent_20221119_cam2_01;4;ccw;300,00;00:13:39;295;cw;;;;;;;;00:13:41;45;cw;cw;10;;110;cw;0;110;45;45;110;0;0;110
37;4;4;20221119;FirstVsSubsequent_20221119_cam2_01;5;cw;120,00;00:13:57;130;cw;;;;;;;;00:13:59;45;cw;cw;355;;-85;ccw;0;85;45;45;275;0;0;275
38;4;4;20221119;FirstVsSubsequent_20221119_cam2_01;6;ccw;300,00;00:14:20;270;cw;;;;;;;;00:14:23;10;cw;cw;0;;100;cw;0;100;10;10;100;0;0;100
39;4;4;20221119;FirstVsSubsequent_20221119_cam2_01;7;cw;120,00;00:14:41;120;cw;;;;;;;;00:14:45;290;cw;cw;350;;170;cw;1;170;290;290;170;0;0;170
40;4;4;20221119;FirstVsSubsequent_20221119_cam2_01;8;ccw;300,00;00:15:06;280;ccw;;210;cw;;;;;00:15:10;345;both;both;355;;65;cw;0;65;210;345;-70;135;0;205
41;4;4;20221119;FirstVsSubsequent_20221119_cam2_01;9;cw;120,00;00:15:25;125;cw;;;;;;;;00:15:28;305;cw;cw;355;;180;cw;1;180;305;305;180;0;0;180
42;4;4;20221119;FirstVsSubsequent_20221119_cam2_01;10;ccw;300,00;00:15:45;295;ccw;;240;cw;;;;;00:15:48;30;both;both;355;;95;cw;0;95;240;30;-55;150;0;205
43;5;5;20221119;FirstVsSubsequent_20221119_cam2_04;1;ccw;160,00;00:10:01;230;cw;;;;;;;;00:10:04;355;cw;cw;250;;125;cw;0;125;355;355;125;0;0;125
44;5;5;20221119;FirstVsSubsequent_20221119_cam2_04;2;cw;340,00;00:10:23;280;ccw;;;;;;;;00:10:25;230;ccw;ccw;225;;-50;ccw;0;50;230;230;-50;0;0;50
45;5;5;20221119;FirstVsSubsequent_20221119_cam2_04;3;ccw;160,00;00:10:42;85;ccw;;;;;;;;00:10:43;270;ccw;ccw;235;;-175;ccw;1;175;270;270;-175;0;0;175
46;5;5;20221119;FirstVsSubsequent_20221119_cam2_04;4;cw;340,00;00:11:02;45;ccw;;;;;;;;00:11:03;235;ccw;ccw;230;;-170;ccw;1;170;235;235;-170;0;0;170
47;5;5;20221119;FirstVsSubsequent_20221119_cam2_04;5;ccw;160,00;00:11:15;220;cw;;;;;;;;00:11:16;275;cw;cw;250;;55;cw;0;55;275;275;55;0;0;55
48;5;5;20221119;FirstVsSubsequent_20221119_cam2_04;6;cw;340,00;00:11:31;355;ccw;;;;;;;;00:11:35;235;ccw;ccw;240;;-120;ccw;0;120;235;235;-120;0;0;120
49;5;5;20221119;FirstVsSubsequent_20221119_cam2_04;7;ccw;160,00;00:11:48;125;cw;;;;;;;;00:11:49;305;cw;cw;255;;180;cw;1;180;305;305;180;0;0;180
50;5;5;20221119;FirstVsSubsequent_20221119_cam2_04;8;cw;340,00;00:12:03;280;ccw;;;;;;;;00:12:03;220;ccw;ccw;240;;-60;ccw;0;60;220;220;-60;0;0;60
51;5;5;20221119;FirstVsSubsequent_20221119_cam2_04;9;ccw;160,00;00:12:15;165;cw;;;;;;;;00:12:17;290;cw;cw;260;;125;cw;0;125;290;290;125;0;0;125
52;5;5;20221119;FirstVsSubsequent_20221119_cam2_04;10;cw;340,00;00:12:29;265;cw;360;;;;;;;00:12:34;285;cw;cw;280;;20;cw;0;20;285;285;380;0;0;380
53;6;6;20221119;FirstVsSubsequent_20221119_cam2_05;1;ccw;245,00;00:08:47;230;cw;;;;;;;;00:08:58;315;cw;cw;350;;85;cw;0;85;315;315;85;0;0;85
54;6;6;20221119;FirstVsSubsequent_20221119_cam2_05;2;cw;65,00;00:09:11;80;cw;;;;;;;;00:09:14;330;cw;cw;15;;-110;ccw;0;110;330;330;250;0;0;250
55;6;6;20221119;FirstVsSubsequent_20221119_cam2_05;3;ccw;245,00;00:09:26;230;ccw;;;;;;;;00:09:28;20;ccw;ccw;15;;150;cw;0;150;20;20;-210;0;0;210
56;6;6;20221119;FirstVsSubsequent_20221119_cam2_05;4;cw;65,00;00:09:41;60;cw;;;;;;;;00:09:44;310;cw;cw;0;;-110;ccw;0;110;310;310;250;0;0;250
57;6;6;20221119;FirstVsSubsequent_20221119_cam2_05;5;ccw;245,00;00:09:56;230;ccw;;;;;;;;00:09:59;325;ccw;ccw;310;;95;cw;0;95;325;325;-265;0;0;265
58;6;6;20221119;FirstVsSubsequent_20221119_cam2_05;6;cw;65,00;00:10:10;120;ccw;;;;;;;;00:10:12;280;ccw;ccw;315;;160;cw;0;160;280;280;-200;0;0;200
59;6;6;20221119;FirstVsSubsequent_20221119_cam2_05;7;ccw;245,00;00:10:22;225;ccw;;;;;;;;00:10:24;285;ccw;ccw;295;;60;cw;0;60;285;285;-300;0;0;300
60;6;6;20221119;FirstVsSubsequent_20221119_cam2_05;8;cw;65,00;00:10:37;85;cw;;;;;;;;00:10:38;250;cw;cw;260;;165;cw;1;165;250;250;165;0;0;165
61;6;6;20221119;FirstVsSubsequent_20221119_cam2_05;9;ccw;245,00;00:10:48;265;cw;;;;;;;;00:10:50;295;no;cw;270;;30;cw;0;30;295;295;30;0;0;30
62;6;6;20221119;FirstVsSubsequent_20221119_cam2_05;10;cw;65,00;00:11:01;85;cw;;;;;;;;00:11:03;235;cw;cw;255;;150;cw;0;150;235;235;150;0;0;150
63;7;7;20221119;FirstVsSubsequent_20221119_cam2_06;1;cw;30,00;00:07:12;5;ccw;;;;;;;;00:07:16;340;no;ccw;5;;-25;ccw;0;25;340;340;-25;0;0;25
64;7;7;20221119;FirstVsSubsequent_20221119_cam2_06;2;ccw;210,00;00:07:38;195;ccw;;;;;;;;00:07:42;0;ccw;ccw;335;;165;cw;1;165;0;0;-195;0;0;195
65;7;7;20221119;FirstVsSubsequent_20221119_cam2_06;3;cw;30,00;00:08:03;70;ccw;;;;;;;;00:08:04;25;no;ccw;15;;-45;ccw;0;45;25;25;-45;0;0;45
66;7;7;20221119;FirstVsSubsequent_20221119_cam2_06;4;ccw;210,00;00:08:23;225;cw;;;;;;;;00:08:25;40;cw;cw;5;;175;cw;1;175;40;40;175;0;0;175
67;7;7;20221119;FirstVsSubsequent_20221119_cam2_06;5;cw;30,00;00:08:42;20;cw;;75;ccw;;;;;00:08:44;35;no;both;0;;15;cw;0;15;75;35;55;-40;0;95
68;7;7;20221119;FirstVsSubsequent_20221119_cam2_06;6;ccw;210,00;00:08:58;135;cw;;;;;;;;00:09:02;40;cw;cw;10;;-95;ccw;0;95;40;40;265;0;0;265
69;7;7;20221119;FirstVsSubsequent_20221119_cam2_06;7;cw;30,00;00:09:18;55;ccw;;;;;;;;00:09:21;10;ccw;ccw;5;;-45;ccw;0;45;10;10;-45;0;0;45
70;7;7;20221119;FirstVsSubsequent_20221119_cam2_06;8;ccw;210,00;00:09:36;200;cw;;;;;;;;00:09:38;20;cw;cw;20;;180;cw;1;180;20;20;180;0;0;180
71;7;7;20221119;FirstVsSubsequent_20221119_cam2_06;9;cw;30,00;00:09:54;25;ccw;;;;;;;;00:09:55;20;ccw;ccw;10;previously 0Â° rotation but upon double checking its more;-5;ccw;0;5;20;20;-5;0;0;5
72;7;7;20221119;FirstVsSubsequent_20221119_cam2_06;10;ccw;210,00;00:10:09;210;ccw;;;;;;;;00:10:12;50;ccw;ccw;25;;-160;ccw;0;160;50;50;-160;0;0;160
73;8;8;20221119;FirstVsSubsequent_20221119_cam2_06;1;ccw;280,00;00:07:53;270;ccw;;;;;;;;00:07:55;220;no;ccw;160;;-50;ccw;0;50;220;220;-50;0;0;50
74;8;8;20221119;FirstVsSubsequent_20221119_cam2_06;2;cw;100,00;00:08:15;100;ccw;;;;;;;;00:08:18;180;ccw;ccw;175;;80;cw;0;80;180;180;-280;0;0;280
75;8;8;20221119;FirstVsSubsequent_20221119_cam2_06;3;ccw;280,00;00:08:33;275;cw;;;;;;;;00:08:35;85;cw;cw;130;;170;cw;1;170;85;85;170;0;0;170
76;8;8;20221119;FirstVsSubsequent_20221119_cam2_06;4;cw;100,00;00:08:49;110;ccw;;;;;;;;00:08:50;105;no;ccw;155;;-5;ccw;0;5;105;105;-5;0;0;5
77;8;8;20221119;FirstVsSubsequent_20221119_cam2_06;5;ccw;280,00;00:09:06;235;ccw;;;;;;;;00:09:07;180;ccw;ccw;155;;-55;ccw;0;55;180;180;-55;0;0;55
78;8;8;20221119;FirstVsSubsequent_20221119_cam2_06;6;cw;100,00;00:09:26;70;cw;;;;;;;;00:09:27;215;cw;cw;185;;145;cw;0;145;215;215;145;0;0;145
79;8;8;20221119;FirstVsSubsequent_20221119_cam2_06;7;ccw;280,00;00:09:44;260;ccw;;225;cw;;270;ccw;;00:09:48;140;both;both;165;;-120;ccw;0;120;225;270;-35;45;-130;210
80;8;8;20221119;FirstVsSubsequent_20221119_cam2_06;8;cw;100,00;00:09:59;115;cw;;;;;;;;00:10:01;240;cw;cw;175;;125;cw;0;125;240;240;125;0;0;125
81;8;8;20221119;FirstVsSubsequent_20221119_cam2_06;9;ccw;280,00;00:10:18;255;ccw;;;;;;;;00:10:22;205;no;ccw;160;;-50;ccw;0;50;205;205;-50;0;0;50
82;8;8;20221119;FirstVsSubsequent_20221119_cam2_06;10;cw;100,00;00:10:40;100;ccw;;;;;;;;00:10:43;235;ccw;ccw;190;;135;cw;0;135;235;235;-225;0;0;225
83;9;9;20221119;FirstVsSubsequent_20221119_cam2_06/FirstVsSubsequent_20221119_cam2_07;1;ccw;135,00;00:17:59;130;ccw;-360;;;;;;;00:00:03;55;ccw;ccw;75;;-75;ccw;0;75;55;55;-435;0;0;435
84;9;9;20221119;FirstVsSubsequent_20221119_cam2_07;2;cw;315,00;00:00:19;295;cw;;;;;;;;00:00:21;90;cw;cw;100;;155;cw;0;155;90;90;155;0;0;155
85;9;9;20221119;FirstVsSubsequent_20221119_cam2_07;3;ccw;135,00;00:00:44;135;ccw;;;;;;;;00:00:46;80;no;ccw;95;;-55;ccw;0;55;80;80;-55;0;0;55
86;9;9;20221119;FirstVsSubsequent_20221119_cam2_07;4;cw;315,00;00:01:04;310;cw;;;;;;;;00:01:06;90;cw;cw;90;;140;cw;0;140;90;90;140;0;0;140
87;9;9;20221119;FirstVsSubsequent_20221119_cam2_07;5;ccw;135,00;00:01:25;150;ccw;;;;;;;;00:01:26;20;ccw;ccw;70;;-130;ccw;0;130;20;20;-130;0;0;130
88;9;9;20221119;FirstVsSubsequent_20221119_cam2_07;6;cw;315,00;00:01:42;325;cw;;;;;;;;00:01:43;110;cw;cw;85;;145;cw;0;145;110;110;145;0;0;145
89;9;9;20221119;FirstVsSubsequent_20221119_cam2_07;7;ccw;135,00;00:02:00;155;ccw;;;;;;;;00:02:02;15;ccw;ccw;10;;-140;ccw;0;140;15;15;-140;0;0;140
90;9;9;20221119;FirstVsSubsequent_20221119_cam2_07;8;cw;315,00;00:02:14;325;cw;;;;;;;;00:02:15;95;cw;cw;85;;130;cw;0;130;95;95;130;0;0;130
91;9;9;20221119;FirstVsSubsequent_20221119_cam2_07;9;ccw;135,00;00:02:28;160;ccw;;;;;;;;00:02:29;50;ccw;ccw;50;;-110;ccw;0;110;50;50;-110;0;0;110
92;9;9;20221119;FirstVsSubsequent_20221119_cam2_07;10;cw;315,00;00:02:41;340;cw;;;;;;;;00:02:42;95;cw;cw;85;;115;cw;0;115;95;95;115;0;0;115
93;10;10;20221119;FirstVsSubsequent_20221119_cam2_07;1;cw;90,00;00:03:21;90;cw;;;;;;;;00:03:30;300;cw;cw;10;;-150;ccw;0;150;300;300;210;0;0;210
94;10;10;20221119;FirstVsSubsequent_20221119_cam2_07;2;ccw;270,00;00:03:47;290;cw;;;;;;;;00:03:51;350;cw;cw;10;;60;cw;0;60;350;350;60;0;0;60
95;10;10;20221119;FirstVsSubsequent_20221119_cam2_07;3;cw;90,00;00:04:08;115;ccw;;;;;;;;00:04:12;45;ccw;ccw;10;;-70;ccw;0;70;45;45;-70;0;0;70
96;10;10;20221119;FirstVsSubsequent_20221119_cam2_07;4;ccw;270,00;00:04:28;305;cw;;;;;;;;00:04:29;35;cw;cw;20;;90;cw;0;90;35;35;90;0;0;90
97;10;10;20221119;FirstVsSubsequent_20221119_cam2_07;5;cw;90,00;00:04:49;65;ccw;;;;;;;;00:04:51;330;ccw;ccw;355;;-95;ccw;0;95;330;330;-95;0;0;95
98;10;10;20221119;FirstVsSubsequent_20221119_cam2_07;6;ccw;270,00;00:05:08;260;cw;;;;;;;;00:05:09;35;cw;cw;10;;135;cw;0;135;35;35;135;0;0;135
99;10;10;20221119;FirstVsSubsequent_20221119_cam2_07;7;cw;90,00;00:05:21;85;ccw;;;;;;;;00:05:23;0;ccw;ccw;10;;-85;ccw;0;85;0;0;-85;0;0;85
100;10;10;20221119;FirstVsSubsequent_20221119_cam2_07;8;ccw;270,00;00:05:37;315;cw;;;;;;;;00:05:37;335;no;cw;30;;20;cw;0;20;335;335;20;0;0;20
101;10;10;20221119;FirstVsSubsequent_20221119_cam2_07;9;cw;90,00;00:05:51;70;cw;;;;;;;;00:05:54;0;cw;cw;355;;-70;ccw;0;70;0;0;290;0;0;290
102;10;10;20221119;FirstVsSubsequent_20221119_cam2_07;10;ccw;270,00;00:06:08;200;cw;;;;;;;;00:06:10;30;cw;cw;10;;-170;ccw;1;170;30;30;190;0;0;190
103;11;11;20221119;FirstVsSubsequent_20221119_cam2_07;1;cw;65,00;00:13:13;70;ccw;;;;;;;;00:13:14;5;ccw;ccw;350;;-65;ccw;0;65;5;5;-65;0;0;65
104;11;11;20221119;FirstVsSubsequent_20221119_cam2_07;2;ccw;245,00;00:13:40;240;cw;;;;;;;;00:13:42;40;cw;cw;5;;160;cw;0;160;40;40;160;0;0;160
105;11;11;20221119;FirstVsSubsequent_20221119_cam2_07;3;cw;65,00;00:14:03;90;ccw;;;;;;;;00:14:04;20;ccw;ccw;25;;-70;ccw;0;70;20;20;-70;0;0;70
106;11;11;20221119;FirstVsSubsequent_20221119_cam2_07;4;ccw;245,00;00:14:23;275;cw;;;;;;;;00:14:24;45;cw;cw;45;;130;cw;0;130;45;45;130;0;0;130
107;11;11;20221119;FirstVsSubsequent_20221119_cam2_07;5;cw;65,00;00:14:44;75;ccw;;;;;;;;00:14:44;10;ccw;ccw;25;;-65;ccw;0;65;10;10;-65;0;0;65
108;11;11;20221119;FirstVsSubsequent_20221119_cam2_07;6;ccw;245,00;00:15:04;250;cw;;;;;;;;00:15:05;15;cw;cw;35;;125;cw;0;125;15;15;125;0;0;125
109;11;11;20221119;FirstVsSubsequent_20221119_cam2_07;7;cw;65,00;00:15:23;85;ccw;;;;;;;;00:15:24;345;ccw;ccw;25;;-100;ccw;0;100;345;345;-100;0;0;100
110;11;11;20221119;FirstVsSubsequent_20221119_cam2_07;8;ccw;245,00;00:15:39;200;ccw;;;;;;;;00:15:40;30;ccw;ccw;20;;-170;ccw;1;170;30;30;-170;0;0;170
111;11;11;20221119;FirstVsSubsequent_20221119_cam2_07;9;cw;65,00;00:15:58;80;cw;;;;;;;;00:16:00;355;cw;cw;15;;-85;ccw;0;85;355;355;275;0;0;275
112;11;11;20221119;FirstVsSubsequent_20221119_cam2_07;10;ccw;245,00;00:16:23;180;ccw;;;;;;;;00:16:24;45;ccw;ccw;15;;-135;ccw;0;135;45;45;-135;0;0;135
113;12;12;20221119;FirstVsSubsequent_20221119_cam2_08;1;ccw;260,00;00:10:42;230;cw;;;;;;;;00:10:47;5;cw;cw;10;;135;cw;0;135;5;5;135;0;0;135
114;12;12;20221119;FirstVsSubsequent_20221119_cam2_08;2;cw;80,00;00:11:08;95;ccw;;;;;;;;00:11;325;ccw;ccw;350;;-130;ccw;0;130;325;325;-130;0;0;130
115;12;12;20221119;FirstVsSubsequent_20221119_cam2_08;3;ccw;260,00;00:11:31;240;cw;;;;;;;;00:11:37;10;cw;cw;355;;130;cw;0;130;10;10;130;0;0;130
116;12;12;20221119;FirstVsSubsequent_20221119_cam2_08;4;cw;80,00;00:11:55;90;cw;;;;;;;;00:11:59;355;cw;cw;0;;-95;ccw;0;95;355;355;265;0;0;265
117;12;12;20221119;FirstVsSubsequent_20221119_cam2_08;5;ccw;260,00;00:12:17;255;ccw;;;;;;;;00:12:20;335;ccw;ccw;350;;80;cw;0;80;335;335;-280;0;0;280
118;12;12;20221119;FirstVsSubsequent_20221119_cam2_08;6;cw;80,00;00:12:44;85;cw;;;;;;;;00:12:48;285;cw;cw;320;;-160;ccw;0;160;285;285;200;0;0;200
119;12;12;20221119;FirstVsSubsequent_20221119_cam2_08;7;ccw;260,00;00:13:05;255;ccw;;;;;;;;00:13:07;5;ccw;ccw;345;;110;cw;0;110;5;5;-250;0;0;250
120;12;12;20221119;FirstVsSubsequent_20221119_cam2_08;8;cw;80,00;00:13:23;90;ccw;;;;;;;;00:13:26;325;ccw;ccw;5;;-125;ccw;0;125;325;325;-125;0;0;125
121;12;12;20221119;FirstVsSubsequent_20221119_cam2_08;9;ccw;260,00;00:13:41;235;cw;;;;;;;;00:13:43;350;cw;cw;15;;115;cw;0;115;350;350;115;0;0;115
122;12;12;20221119;FirstVsSubsequent_20221119_cam2_08;10;cw;80,00;00:14:00;110;cw;;;;;;;;00:14:03;300;cw;cw;350;;-170;ccw;1;170;300;300;190;0;0;190
123;13;13;20221119;FirstVsSubsequent_20221119_cam2_09;1;cw;355,00;00:03:17;45;cw;;90;ccw;;;;;00:03:19;275;both;both;305;;-130;ccw;0;130;90;275;45;-175;0;220
124;13;13;20221119;FirstVsSubsequent_20221119_cam2_09;2;ccw;175,00;00:03:40;150;ccw;;;;;;;;00:03:42;330;ccw;ccw;330;;180;cw;1;180;330;330;-180;0;0;180
125;13;13;20221119;FirstVsSubsequent_20221119_cam2_09;3;cw;355,00;00:04:11;350;cw;;;;;;;;00:04:12;15;no;cw;335;;25;cw;0;25;15;15;25;0;0;25
126;13;13;20221119;FirstVsSubsequent_20221119_cam2_09;4;ccw;175,00;00:04:31;175;ccw;;;;;;;;00:04:33;325;ccw;ccw;345;;150;cw;0;150;325;325;-210;0;0;210
127;13;13;20221119;FirstVsSubsequent_20221119_cam2_09;5;cw;355,00;00:04:48;30;ccw;;;;;;;;00:04:49;300;ccw;ccw;315;;-90;ccw;0;90;300;300;-90;0;0;90
128;13;13;20221119;FirstVsSubsequent_20221119_cam2_09;6;ccw;175,00;00:05:04;170;cw;;;;;;;;00:05:05;350;cw;cw;340;;180;cw;1;180;350;350;180;0;0;180
129;13;13;20221119;FirstVsSubsequent_20221119_cam2_09;7;cw;355,00;00:05:20;25;ccw;;;;;;;;00:05:21;335;no;ccw;320;;-50;ccw;0;50;335;335;-50;0;0;50
130;13;13;20221119;FirstVsSubsequent_20221119_cam2_09;8;ccw;175,00;00:05:34;155;cw;;;;;;;;00:05:35;320;cw;cw;330;;165;cw;1;165;320;320;165;0;0;165
131;13;13;20221119;FirstVsSubsequent_20221119_cam2_09;9;cw;355,00;00:05:49;40;ccw;;;;;;;;00:05:50;270;ccw;ccw;310;;-130;ccw;0;130;270;270;-130;0;0;130
132;13;13;20221119;FirstVsSubsequent_20221119_cam2_09;10;ccw;175,00;00:06:06;205;cw;;;;;;;;00:06:08;5;cw;cw;345;;160;cw;0;160;5;5;160;0;0;160
133;14;14;20221119;FirstVsSubsequent_20221119_cam2_09;1;ccw;270,00;00:16:34;270;ccw;;;;;;;;00:16:42;320;ccw;ccw;330;;50;cw;0;50;320;320;-310;0;0;310
134;14;14;20221119;FirstVsSubsequent_20221119_cam2_09;2;cw;90,00;00:17:00;65;ccw;;;;;;;;00:17:03;345;ccw;ccw;345;;-80;ccw;0;80;345;345;-80;0;0;80
135;14;14;20221119;FirstVsSubsequent_20221119_cam2_10;3;ccw;270,00;00:00:21;310;cw;;;;;;;;00:00:24;5;no;cw;0;;55;cw;0;55;5;5;55;0;0;55
136;14;14;20221119;FirstVsSubsequent_20221119_cam2_10;4;cw;90,00;00:00:37;90;cw;;;;;;;;00:00:40;320;cw;cw;320;;-130;ccw;0;130;320;320;230;0;0;230
137;14;14;20221119;FirstVsSubsequent_20221119_cam2_10;5;ccw;270,00;00:00:55;260;ccw;;;;;;;;00:00:59;335;ccw;ccw;335;;75;cw;0;75;335;335;-285;0;0;285
138;14;14;20221119;FirstVsSubsequent_20221119_cam2_10;6;cw;90,00;00:01:22;95;cw;;;;;;;;00:01:25;270;cw;cw;315;;175;cw;1;175;270;270;175;0;0;175
139;14;14;20221119;FirstVsSubsequent_20221119_cam2_10;7;ccw;270,00;00:01:40;275;ccw;;;;;;;;00:01:43;305;ccw;ccw;315;;30;cw;0;30;305;305;-330;0;0;330
140;14;14;20221119;FirstVsSubsequent_20221119_cam2_10;8;cw;90,00;00:01:58;105;ccw;;;;;;;;00:01:59;310;ccw;ccw;310;;-155;ccw;0;155;310;310;-155;0;0;155
141;14;14;20221119;FirstVsSubsequent_20221119_cam2_10;9;ccw;270,00;00:02:12;275;cw;;;;;;;;00:02:13;355;cw;cw;345;;80;cw;0;80;355;355;80;0;0;80
142;14;14;20221119;FirstVsSubsequent_20221119_cam2_10;10;cw;90,00;00:02:24;90;cw;;;;;;;;00:02:27;335;cw;cw;340;;-115;ccw;0;115;335;335;245;0;0;245
153;16;15;20221119;FirstVsSubsequent_20221119_cam2_11;1;cw;210,00;00:05:21;195;cw;;;;;;;;00:05:33;265;cw;cw;285;;70;cw;0;70;265;265;70;0;0;70
154;16;15;20221119;FirstVsSubsequent_20221119_cam2_11;2;ccw;30,00;00:05:46;40;ccw;;;;;;;;00:05:50;280;ccw;ccw;300;;-120;ccw;0;120;280;280;-120;0;0;120
155;16;15;20221119;FirstVsSubsequent_20221119_cam2_11;3;cw;210,00;00:06:04;220;cw;;;;;;;;00:06:06;270;cw;cw;300;;50;cw;0;50;270;270;50;0;0;50
156;16;15;20221119;FirstVsSubsequent_20221119_cam2_11;4;ccw;30,00;00:06:20;35;ccw;;;;;;;;00:06:22;245;ccw;ccw;315;;-150;ccw;0;150;245;245;-150;0;0;150
157;16;15;20221119;FirstVsSubsequent_20221119_cam2_11;5;cw;210,00;00:06:31;230;ccw;;160;cw;;;;;00:06:35;275;both;both;315;;45;cw;0;45;160;275;-70;115;0;185
158;16;15;20221119;FirstVsSubsequent_20221119_cam2_11;6;ccw;30,00;00:06:48;40;ccw;;;;;;;;00:06:49;340;ccw;ccw;325;;-60;ccw;0;60;340;340;-60;0;0;60
159;16;15;20221119;FirstVsSubsequent_20221119_cam2_11;7;cw;210,00;00:06:59;200;cw;;;;;;;;00:07:00;315;cw;cw;325;;115;cw;0;115;315;315;115;0;0;115
160;16;15;20221119;FirstVsSubsequent_20221119_cam2_11;8;ccw;30,00;00:07:12;60;ccw;;;;;;;;00:07:13;270;ccw;ccw;315;;-150;ccw;0;150;270;270;-150;0;0;150
161;16;15;20221119;FirstVsSubsequent_20221119_cam2_11;9;cw;210,00;00:07:24;230;ccw;;;;;;;;00:07:27;280;ccw;ccw;295;;50;cw;0;50;280;280;-310;0;0;310
162;16;15;20221119;FirstVsSubsequent_20221119_cam2_11;10;ccw;30,00;00:07:41;40;ccw;;;;;;;;00:07:42;300;ccw;ccw;330;;-100;ccw;0;100;300;300;-100;0;0;100
163;17;16;20221121;FirstVsSubsequent_20221121_2_cam2_00;1;ccw;0,00;00:12:02;15;ccw;;;;;;;;00:12:09;195;ccw;ccw;140;;180;cw;1;180;195;195;-180;0;0;180
164;17;16;20221121;FirstVsSubsequent_20221121_2_cam2_00;2;cw;180,00;00:12:40;165;cw;;;;;;;;00:12:50;125;cw;cw;155;;-40;ccw;0;40;125;125;320;0;0;320
165;17;16;20221121;FirstVsSubsequent_20221121_2_cam2_00;3;ccw;0,00;00:13:16;10;cw;;;;;;;;00:13:21;180;cw;cw;155;;170;cw;1;170;180;180;170;0;0;170
166;17;16;20221121;FirstVsSubsequent_20221121_2_cam2_00;4;cw;180,00;00:13:46;180;ccw;;;;;;;;00:13:59;200;ccw;ccw;125;;20;cw;0;20;200;200;-340;0;0;340
167;17;16;20221121;FirstVsSubsequent_20221121_2_cam2_00;5;ccw;0,00;00:14:22;5;cw;;;;;;;;00:14:34;170;cw;cw;125;;165;cw;1;165;170;170;165;0;0;165
168;17;16;20221121;FirstVsSubsequent_20221121_2_cam2_00;6;cw;180,00;00:15:04;175;cw;;;;;;;;00:15:12;170;cw;cw;150;;-5;ccw;0;5;170;170;355;0;0;355
169;17;16;20221121;FirstVsSubsequent_20221121_2_cam2_00;7;ccw;0,00;00:15:39;5;ccw;;;;;;;;00:15:46;165;ccw;ccw;150;;160;cw;0;160;165;165;-200;0;0;200
170;17;16;20221121;FirstVsSubsequent_20221121_2_cam2_00;8;cw;180,00;00:16:08;175;cw;;;;;;;;00:16:19;165;cw;cw;160;;-10;ccw;0;10;165;165;350;0;0;350
171;17;16;20221121;FirstVsSubsequent_20221121_2_cam2_00;9;ccw;0,00;00:16:45;5;cw;;;;;;;;00:16:50;150;cw;cw;160;;145;cw;0;145;150;150;145;0;0;145
172;17;16;20221121;FirstVsSubsequent_20221121_2_cam2_00;10;cw;180,00;00:17:15;175;cw;360;;;;;;;00:17:31;200;cw;cw;205;;25;cw;0;25;200;200;385;0;0;385
173;18;17;20221121;FirstVsSubsequent_20221121_2_cam2_01;1;cw;270,00;00:02:27;280;cw;;340;ccw;;355;cw;360;00:03:35;235;both;both;255;;-45;ccw;0;45;340;355;60;-345;600;1005
174;18;17;20221121;FirstVsSubsequent_20221121_2_cam2_01;2;ccw;90,00;00:03:59;90;ccw;;;;;;;;00:04:10;245;ccw;ccw;250;;155;cw;0;155;245;245;-205;0;0;205
175;18;17;20221121;FirstVsSubsequent_20221121_2_cam2_01;3;cw;270,00;00:04:38;280;cw;;200;ccw;-360;;;;00:04:59;170;both;both;155;;-110;ccw;0;110;200;170;280;-390;0;670
176;18;17;20221121;FirstVsSubsequent_20221121_2_cam2_01;4;ccw;90,00;00:05:27;100;ccw;;;;;;;;00:05:34;215;ccw;ccw;175;;115;cw;0;115;215;215;-245;0;0;245
177;18;17;20221121;FirstVsSubsequent_20221121_2_cam2_01;5;cw;270,00;00:06:04;300;ccw;;145;cw;;;;;00:06:13;255;both;both;165;;-45;ccw;0;45;145;255;-155;110;0;265
178;18;17;20221121;FirstVsSubsequent_20221121_2_cam2_01;6;ccw;90,00;00:06:35;60;ccw;;20;cw;;;;;00:06:47;235;both;both;250;;175;cw;1;175;20;235;-40;215;0;255
179;18;17;20221121;FirstVsSubsequent_20221121_2_cam2_01;7;cw;270,00;00:07:14;305;ccw;-360;;;;;;;00:07:30;230;ccw;ccw;175;;-75;ccw;0;75;230;230;-435;0;0;435
180;18;17;20221121;FirstVsSubsequent_20221121_2_cam2_01;8;ccw;90,00;00:07:53;60;cw;;;;;;;;00:08:00;225;cw;cw;180;;165;cw;1;165;225;225;165;0;0;165
181;18;17;20221121;FirstVsSubsequent_20221121_2_cam2_01;9;cw;270,00;00:08:20;295;ccw;;;;;;;;00:08:25;160;ccw;ccw;145;;-135;ccw;0;135;160;160;-135;0;0;135
182;18;17;20221121;FirstVsSubsequent_20221121_2_cam2_01;10;ccw;90,00;00:08:44;100;cw;;;;;;;;00:08:48;210;cw;cw;160;;110;cw;0;110;210;210;110;0;0;110
183;19;18;20221121;FirstVsSubsequent_20221121_pm2_cam2_00;1;ccw;25,00;00:06:38;15;cw;;;;;;;;00:06:46;155;cw;cw;165;;140;cw;0;140;155;155;140;0;0;140
184;19;18;20221121;FirstVsSubsequent_20221121_pm2_cam2_00;2;cw;205,00;00:07:26;215;ccw;;;;;;;;00:07:30;155;ccw;ccw;170;;-60;ccw;0;60;155;155;-60;0;0;60
185;19;18;20221121;FirstVsSubsequent_20221121_pm2_cam2_00;3;ccw;25,00;00:08:07;25;ccw;;;;;;;;00:08:18;220;ccw;ccw;210;;-165;ccw;0;165;220;220;-165;0;0;165
186;19;18;20221121;FirstVsSubsequent_20221121_pm2_cam2_00;4;cw;205,00;00:08:44;195;cw;360;;;;;;;00:08:49;205;cw;cw;195;;10;cw;0;10;205;205;370;0;0;370
187;19;18;20221121;FirstVsSubsequent_20221121_pm2_cam2_00;5;ccw;25,00;00:09:08;40;cw;;;;;;;;00:09:15;255;cw;cw;225;;-145;ccw;0;145;255;255;215;0;0;215
188;19;18;20221121;FirstVsSubsequent_20221121_pm2_cam2_00;6;cw;205,00;00:09:38;200;ccw;;;;;;;;00:09:45;270;ccw;ccw;240;;70;cw;0;70;270;270;-290;0;0;290
189;19;18;20221121;FirstVsSubsequent_20221121_pm2_cam2_00;7;ccw;25,00;00:10:12;30;cw;;;;;;;;00:10:16;260;cw;cw;240;;-130;ccw;0;130;260;260;230;0;0;230
190;19;18;20221121;FirstVsSubsequent_20221121_pm2_cam2_00;8;cw;205,00;00:10:35;185;ccw;;;;;;;;00:10:38;290;ccw;ccw;255;;105;cw;0;105;290;290;-255;0;0;255
191;19;18;20221121;FirstVsSubsequent_20221121_pm2_cam2_00;9;ccw;25,00;00:10:59;30;cw;;;;;;;;00:11:02;265;cw;cw;255;;-125;ccw;0;125;265;265;235;0;0;235
192;19;18;20221121;FirstVsSubsequent_20221121_pm2_cam2_00;10;cw;205,00;00:11:22;200;ccw;;145;cw;;;;;00:11:35;270;both;both;255;;70;cw;0;70;145;270;-55;125;0;180
193;20;19;20221121;FirstVsSubsequent_20221121_pm2_cam2_01;1;cw;160,00;00:15:07;175;ccw;;;;;;;;00:15:11;30;ccw;ccw;70;"from here I made sure to not include rotations that are part of ""patting"", rotations include those happening after climbing ball";-145;ccw;0;145;30;30;-145;0;0;145
194;20;19;20221121;FirstVsSubsequent_20221121_pm2_cam2_01;2;ccw;340,00;00:15:40;320;cw;;;;;;;;00:15:43;85;cw;cw;85;;125;cw;0;125;85;85;125;0;0;125
195;20;19;20221121;FirstVsSubsequent_20221121_pm2_cam2_01;3;cw;160,00;00:16:08;155;cw;;;;;;;;00:16:11;70;cw;cw;100;;-85;ccw;0;85;70;70;275;0;0;275
196;20;19;20221121;FirstVsSubsequent_20221121_pm2_cam2_01;4;ccw;340,00;00:16:41;280;cw;;;;;;;;00:16:45;350;cw;cw;80;;70;cw;0;70;350;350;70;0;0;70
197;20;19;20221121;FirstVsSubsequent_20221121_pm2_cam2_01;5;cw;160,00;00:17:07;155;cw;;;;;;;;00:17:11;70;cw;cw;90;;-85;ccw;0;85;70;70;275;0;0;275
198;20;19;20221121;FirstVsSubsequent_20221121_pm2_cam2_01;6;ccw;340,00;00:17:37;280;cw;;;;;;;;00:17:39;90;cw;cw;100;;170;cw;1;170;90;90;170;0;0;170
199;20;19;20221121;FirstVsSubsequent_20221121_pm2_cam2_01;7;cw;160,00;00:18:11;140;ccw;;;;;;;;00:18:16;35;ccw;ccw;75;;-105;ccw;0;105;35;35;-105;0;0;105
200;20;19;20221121;FirstVsSubsequent_20221121_pm2_cam2_01;8;ccw;340,00;00:18:33;330;ccw;;;;;;;;00:18:37;75;ccw;ccw;90;;105;cw;0;105;75;75;-255;0;0;255
201;20;19;20221121;FirstVsSubsequent_20221121_pm2_cam2_01;9;cw;160,00;00:18:51;175;cw;;265;ccw;;;;;00:18:54;85;both;both;90;;-90;ccw;0;90;265;85;90;-180;0;270
202;20;19;20221121;FirstVsSubsequent_20221121_pm2_cam2_02;10;ccw;340,00;00:00:09;340;cw;;;;;;;;00:00:11;85;cw;cw;95;;105;cw;0;105;85;85;105;0;0;105
204;21;20;20221121;FirstVsSubsequent_20221121_2_cam2_02;1;ccw;220,00;00:05:37;210;ccw;;;;;;;;00:05:42;245;ccw;ccw;255;;35;cw;0;35;245;245;-325;0;0;325
205;21;20;20221121;FirstVsSubsequent_20221121_2_cam2_02;2;cw;40,00;00:06:11;50;ccw;;20;cw;;;;;00:06:16;280;both;both;330;;-130;ccw;0;130;20;280;-30;260;0;290
206;21;20;20221121;FirstVsSubsequent_20221121_2_cam2_02;3;ccw;220,00;00:06:37;235;ccw;;;;;;;;00:06:42;290;ccw;ccw;325;;55;cw;0;55;290;290;-305;0;0;305
207;21;20;20221121;FirstVsSubsequent_20221121_2_cam2_02;4;cw;40,00;00:07:02;35;cw;;;;;;;;00:07:06;255;cw;cw;255;;-140;ccw;0;140;255;255;220;0;0;220
208;21;20;20221121;FirstVsSubsequent_20221121_2_cam2_02;5;ccw;220,00;00:07:27;220;cw;360;;;;;;;00:07:33;250;cw;cw;285;;30;cw;0;30;250;250;390;0;0;390
209;21;20;20221121;FirstVsSubsequent_20221121_2_cam2_02;6;cw;40,00;00:07:57;45;cw;;65;ccw;;;;;00:08:00;225;both;both;255;;180;cw;1;180;65;225;20;-200;0;220
210;21;20;20221121;FirstVsSubsequent_20221121_2_cam2_02;7;ccw;220,00;00:08:21;215;ccw;;;;;;;;00:08:24;230;ccw;ccw;230;;15;cw;0;15;230;230;-345;0;0;345
211;21;20;20221121;FirstVsSubsequent_20221121_2_cam2_02;8;cw;40,00;00:08:43;65;ccw;;;;;;;;00:08:46;270;ccw;ccw;265;;-155;ccw;0;155;270;270;-155;0;0;155
212;21;20;20221121;FirstVsSubsequent_20221121_2_cam2_02;9;ccw;220,00;00:09:01;225;ccw;;;;;;;;00:09:04;270;ccw;ccw;250;;45;cw;0;45;270;270;-315;0;0;315
213;21;20;20221121;FirstVsSubsequent_20221121_2_cam2_02;10;cw;40,00;00:09:23;45;ccw;;350;cw;;;;;00:09:26;235;both;both;260;;-170;ccw;1;170;350;235;-55;245;0;300
214;22;21;20221121;FirstVsSubsequent_20221121_2_cam2_02;1;cw;190,00;00:11:14;205;ccw;;;;;;;;00:11:20;80;ccw;ccw;90;;-125;ccw;0;125;80;80;-125;0;0;125
215;22;21;20221121;FirstVsSubsequent_20221121_2_cam2_02;2;ccw;10,00;00:11:44;355;ccw;;;;;;;;00:11:52;110;ccw;ccw;55;;115;cw;0;115;110;110;-245;0;0;245
216;22;21;20221121;FirstVsSubsequent_20221121_2_cam2_02;3;cw;190,00;00:12:08;165;ccw;;;;;;;;00:12:11;5;ccw;ccw;335;;-160;ccw;0;160;5;5;-160;0;0;160
217;22;21;20221121;FirstVsSubsequent_20221121_2_cam2_02;4;ccw;10,00;00:12:34;5;ccw;;;;;;;;00:12:39;75;ccw;ccw;80;;70;cw;0;70;75;75;-290;0;0;290
218;22;21;20221121;FirstVsSubsequent_20221121_2_cam2_02;5;cw;190,00;00:13:04;185;ccw;;;;;;;;00:13:27;85;ccw;ccw;125;;-100;ccw;0;100;85;85;-100;0;0;100
219;22;21;20221121;FirstVsSubsequent_20221121_2_cam2_02;6;ccw;10,00;00:13:52;0;ccw;;;;;;;;00:13:55;205;ccw;ccw;190;;-155;ccw;0;155;205;205;-155;0;0;155
220;22;21;20221121;FirstVsSubsequent_20221121_2_cam2_02;7;cw;190,00;00:14:18;165;cw;;;;;;;;00:14:21;125;cw;cw;135;;-40;ccw;0;40;125;125;320;0;0;320
221;22;21;20221121;FirstVsSubsequent_20221121_2_cam2_02;8;ccw;10,00;00:14:35;5;ccw;;;;;;;;00:14:37;225;ccw;ccw;220;;-140;ccw;0;140;225;225;-140;0;0;140
222;22;21;20221121;FirstVsSubsequent_20221121_2_cam2_02;9;cw;190,00;00:14:54;160;ccw;;;;;;;;00:14:56;135;ccw;ccw;145;;-25;ccw;0;25;135;135;-25;0;0;25
223;22;21;20221121;FirstVsSubsequent_20221121_2_cam2_02;10;ccw;10,00;00:15:11;355;ccw;;;;;;;;00:15:13;155;ccw;ccw;125;;160;cw;0;160;155;155;-200;0;0;200
229;24;22;20221121;FirstVsSubsequent_20221121_2_cam2_03;1;ccw;345,00;00:16:19;355;cw;;;;;;;;00:16:32;30;no;cw;100;;35;cw;0;35;30;30;35;0;0;35
230;24;22;20221121;FirstVsSubsequent_20221121_2_cam2_04;2;cw;165,00;00:01:19;175;ccw;;;;;;;;00:01:24;35;ccw;ccw;70;;-140;ccw;0;140;35;35;-140;0;0;140
231;24;22;20221121;FirstVsSubsequent_20221121_2_cam2_04;3;ccw;345,00;00:01:58;10;cw;;130;ccw;;;;;00:02:05;70;both;both;90;;60;cw;0;60;130;70;120;-60;0;180
232;24;22;20221121;FirstVsSubsequent_20221121_2_cam2_04;4;cw;165,00;00:02:42;140;ccw;;;;;;;;00:02:47;80;ccw;ccw;90;;-60;ccw;0;60;80;80;-60;0;0;60
233;24;22;20221121;FirstVsSubsequent_20221121_2_cam2_04;5;ccw;345,00;00:03:12;25;ccw;;;;;;;;00:03:21;150;ccw;ccw;155;;125;cw;0;125;150;150;-235;0;0;235
234;24;22;20221121;FirstVsSubsequent_20221121_2_cam2_04;6;cw;165,00;00:03:43;175;cw;;;;;;;;00:03:49;75;cw;cw;140;;-100;ccw;0;100;75;75;260;0;0;260
235;24;22;20221121;FirstVsSubsequent_20221121_2_cam2_04;7;ccw;345,00;00:04:14;335;cw;;;;;;;;00:04:18;55;cw;cw;85;;80;cw;0;80;55;55;80;0;0;80
236;24;22;20221121;FirstVsSubsequent_20221121_2_cam2_04;8;cw;165,00;00:04:37;105;ccw;;;;;;;;00:04:42;315;ccw;ccw;355;;-150;ccw;0;150;315;315;-150;0;0;150
237;24;22;20221121;FirstVsSubsequent_20221121_2_cam2_04;9;ccw;345,00;00:05:27;350;cw;;55;ccw;;;;;00:05:43;75;both;both;70;;85;cw;0;85;55;75;65;-340;0;405
238;24;22;20221121;FirstVsSubsequent_20221121_2_cam2_04;10;cw;165,00;00:07:32;100;cw;;;;;;;;00:07:44;36;cw;cw;80;;-64;ccw;0;64;36;36;296;0;0;296
239;25;23;20221121;FirstVsSubsequent_20221121_2_cam2_04;1;cw;70,00;00:09:39;65;cw;;;;;;;;00:09:50;180;cw;cw;140;;115;cw;0;115;180;180;115;0;0;115
240;25;23;20221121;FirstVsSubsequent_20221121_2_cam2_04;2;ccw;250,00;00:10:19;245;cw;;;;;;;;00:10:23;55;cw;cw;65;;170;cw;1;170;55;55;170;0;0;170
241;25;23;20221121;FirstVsSubsequent_20221121_2_cam2_04;3;cw;70,00;00:10:45;45;ccw;;325;cw;;;;;00:10:50;130;both;both;80;;85;cw;0;85;325;130;-80;165;0;245
242;25;23;20221121;FirstVsSubsequent_20221121_2_cam2_04;4;ccw;250,00;00:11:09;275;cw;;;;;;;;00:11:12;5;cw;cw;30;;90;cw;0;90;5;5;90;0;0;90
243;25;23;20221121;FirstVsSubsequent_20221121_2_cam2_04;5;cw;70,00;00:11:36;45;cw;;95;ccw;-720;;;;00:11:56;315;both;both;305;;-90;ccw;0;90;95;315;50;-860;0;910
244;25;23;20221121;FirstVsSubsequent_20221121_2_cam2_04;6;ccw;250,00;00:12:17;235;cw;;;;;;;;00:12:25;345;cw;cw;315;;110;cw;0;110;345;345;110;0;0;110
245;25;23;20221121;FirstVsSubsequent_20221121_2_cam2_04;7;cw;70,00;00:12:46;65;cw;;;;;;;;00:12:51;240;cw;cw;190;;175;cw;1;175;240;240;175;0;0;175
246;25;23;20221121;FirstVsSubsequent_20221121_2_cam2_04;8;ccw;250,00;00:13:14;245;cw;;;;;;;;00:13:17;45;cw;cw;20;;160;cw;0;160;45;45;160;0;0;160
247;25;23;20221121;FirstVsSubsequent_20221121_2_cam2_04;9;cw;70,00;00:13:43;55;ccw;;;;;;;;00:13:56;255;ccw;ccw;180;;-160;ccw;0;160;255;255;-160;0;0;160
248;25;23;20221121;FirstVsSubsequent_20221121_2_cam2_04;10;ccw;250,00;00:14:26;310;ccw;;;;;;;;00:14:31;80;ccw;ccw;75;;130;cw;0;130;80;80;-230;0;0;230
249;26;24;20221121;FirstVsSubsequent_20221121_2_cam2_06;1;ccw;215,00;00:03:29;200;cw;;115;ccw;;;;;00:03:42;305;both;both;320;;105;cw;0;105;115;305;275;-170;0;445
250;26;24;20221121;FirstVsSubsequent_20221121_2_cam2_06;2;cw;35,00;00:04:00;65;ccw;;;;;;;;00:04:05;350;ccw;ccw;5;;-75;ccw;0;75;350;350;-75;0;0;75
251;26;24;20221121;FirstVsSubsequent_20221121_2_cam2_06;3;ccw;215,00;00:04:30;205;ccw;;;;;;;;00:04:33;350;ccw;ccw;350;;145;cw;0;145;350;350;-215;0;0;215
252;26;24;20221121;FirstVsSubsequent_20221121_2_cam2_06;4;cw;35,00;00:05:00;45;cw;;;;;;;;00:05:05;355;cw;cw;340;;-50;ccw;0;50;355;355;310;0;0;310
253;26;24;20221121;FirstVsSubsequent_20221121_2_cam2_06;5;ccw;215,00;00:05:25;200;cw;;;;;;;;00:05:27;340;cw;cw;350;;140;cw;0;140;340;340;140;0;0;140
254;26;24;20221121;FirstVsSubsequent_20221121_2_cam2_06;6;cw;35,00;00:05:48;35;cw;;;;;;;;00:05:51;135;cw;cw;90;first does 5 degrees in each direction;100;cw;0;100;135;135;100;0;0;100
255;26;24;20221121;FirstVsSubsequent_20221121_2_cam2_06;7;ccw;215,00;00:06:07;225;cw;;;;;;;;00:06:11;15;cw;cw;20;;150;cw;0;150;15;15;150;0;0;150
256;26;24;20221121;FirstVsSubsequent_20221121_2_cam2_06;8;cw;35,00;00:06:30;30;cw;;160;ccw;;;;;00:06:40;290;both;both;290;;-100;ccw;0;100;160;290;130;-230;0;360
257;26;24;20221121;FirstVsSubsequent_20221121_2_cam2_06;9;ccw;215,00;00:06:58;190;ccw;;;;;;;;00:07:00;315;ccw;ccw;280;;125;cw;0;125;315;315;-235;0;0;235
258;26;24;20221121;FirstVsSubsequent_20221121_2_cam2_06;10;cw;35,00;00:07:18;20;ccw;;;;;;;;00:07:20;225;ccw;ccw;210;;-155;ccw;0;155;225;225;-155;0;0;155
259;27;25;20221121;FirstVsSubsequent_20221121_2_cam2_06;1;cw;350,00;00:13:05;15;cw;;95;ccw;;;;;00:13:12;355;both;both;310;;-20;ccw;0;20;95;355;80;-100;0;180
260;27;25;20221121;FirstVsSubsequent_20221121_2_cam2_06;2;ccw;170,00;00:13:31;130;ccw;;;;;;;;00:13:36;310;ccw;ccw;315;;180;cw;1;180;310;310;-180;0;0;180
261;27;25;20221121;FirstVsSubsequent_20221121_2_cam2_06;3;cw;350,00;00:13:56;20;cw;;;;;;;;00:14:00;195;cw;cw;180;;175;cw;1;175;195;195;175;0;0;175
262;27;25;20221121;FirstVsSubsequent_20221121_2_cam2_06;4;ccw;170,00;00:14:17;140;cw;;;;;;;;00:14:19;205;cw;cw;205;;65;cw;0;65;205;205;65;0;0;65
263;27;25;20221121;FirstVsSubsequent_20221121_2_cam2_06;5;cw;350,00;00:14:35;30;ccw;;;;;;;;00:14:38;220;ccw;ccw;255;;-170;ccw;1;170;220;220;-170;0;0;170
264;27;25;20221121;FirstVsSubsequent_20221121_2_cam2_06;6;ccw;170,00;00:14:53;195;cw;;;;;;;;00:14:55;220;cw;cw;265;;25;cw;0;25;220;220;25;0;0;25
265;27;25;20221121;FirstVsSubsequent_20221121_2_cam2_06;7;cw;350,00;00:15:13;325;ccw;;;;;;;;00:15:15;240;ccw;ccw;245;;-85;ccw;0;85;240;240;-85;0;0;85
266;27;25;20221121;FirstVsSubsequent_20221121_2_cam2_06;8;ccw;170,00;00:15:30;130;cw;;;;;;;;00:15:31;160;no;cw;160;;30;cw;0;30;160;160;30;0;0;30
267;27;25;20221121;FirstVsSubsequent_20221121_2_cam2_06;9;cw;350,00;00:15:46;325;cw;;;;;;;;00:15:49;185;cw;cw;245;;-140;ccw;0;140;185;185;220;0;0;220
268;27;25;20221121;FirstVsSubsequent_20221121_2_cam2_06;10;ccw;170,00;00:16:03;190;cw;;;;;;;;00:16:04;310;cw;cw;310;;120;cw;0;120;310;310;120;0;0;120
269;28;26;20221121;FirstVsSubsequent_20221121_2_cam2_06;1;ccw;120,00;00:16:43;120;cw;;290;ccw;-360;;;;00:16:53;280;both;both;250;;160;cw;0;160;290;280;170;-370;0;540
270;28;26;20221121;FirstVsSubsequent_20221121_2_cam2_06;2;cw;300,00;00:17:09;340;ccw;-360;;;;;;;00:17:14;300;ccw;ccw;315;;-40;ccw;0;40;300;300;-400;0;0;400
271;28;26;20221121;FirstVsSubsequent_20221121_2_cam2_06;3;ccw;120,00;00:17:30;145;cw;;;;;;;;00:17:32;310;cw;cw;270;;165;cw;1;165;310;310;165;0;0;165
272;28;26;20221121;FirstVsSubsequent_20221121_2_cam2_06;4;cw;300,00;00:17:52;330;ccw;;;;;;;;00:17:55;230;ccw;ccw;230;;-100;ccw;0;100;230;230;-100;0;0;100
273;28;26;20221121;FirstVsSubsequent_20221121_2_cam2_07;5;ccw;120,00;00:00:16;120;cw;;;;;;;;00:00:18;260;cw;cw;345;;140;cw;0;140;260;260;140;0;0;140
274;28;26;20221121;FirstVsSubsequent_20221121_2_cam2_07;6;cw;300,00;00:00:33;305;ccw;;;;;;;;00:00:37;355;ccw;ccw;330;;50;cw;0;50;355;355;-310;0;0;310
275;28;26;20221121;FirstVsSubsequent_20221121_2_cam2_07;7;ccw;120,00;00:00:52;120;cw;;;;;;;;00:00:56;0;cw;cw;355;;-120;ccw;0;120;0;0;240;0;0;240
276;28;26;20221121;FirstVsSubsequent_20221121_2_cam2_07;8;cw;300,00;00:01:09;300;ccw;;;;;;;;00:01:12;50;ccw;ccw;10;;110;cw;0;110;50;50;-250;0;0;250
277;28;26;20221121;FirstVsSubsequent_20221121_2_cam2_07;9;ccw;120,00;00:01:27;130;cw;;;;;;;;00:01:30;25;cw;cw;10;;-105;ccw;0;105;25;25;255;0;0;255
278;28;26;20221121;FirstVsSubsequent_20221121_2_cam2_07;10;cw;300,00;00:01:42;295;ccw;;;;;;;;00:01:45;85;ccw;ccw;65;;150;cw;0;150;85;85;-210;0;0;210
279;29;27;20221121;FirstVsSubsequent_20221121_2_cam2_08;1;cw;310,00;00:02:22;340;cw;;50;ccw;;;;;00:02:36;195;both;both;165;;-145;ccw;0;145;50;195;70;-215;0;285
280;29;27;20221121;FirstVsSubsequent_20221121_2_cam2_08;2;ccw;130,00;00:02:54;105;cw;360;;;;;;;00:03:03;155;cw;cw;175;;50;cw;0;50;155;155;410;0;0;410
281;29;27;20221121;FirstVsSubsequent_20221121_2_cam2_08;3;cw;310,00;00:03:24;340;cw;;;;;;;;00:03:27;145;cw;cw;165;;165;cw;1;165;145;145;165;0;0;165
282;29;27;20221121;FirstVsSubsequent_20221121_2_cam2_08;4;ccw;130,00;00:03:49;110;cw;360;;;;;;;00:03:57;150;cw;cw;150;;40;cw;0;40;150;150;400;0;0;400
283;29;27;20221121;FirstVsSubsequent_20221121_2_cam2_08;5;cw;310,00;00:04:15;345;cw;;;;;;;;00:04:19;90;cw;cw;110;;105;cw;0;105;90;90;105;0;0;105
284;29;27;20221121;FirstVsSubsequent_20221121_2_cam2_08;6;ccw;130,00;00:04:38;90;ccw;;;;;;;;00:04:44;215;ccw;ccw;250;;125;cw;0;125;215;215;-235;0;0;235
285;29;27;20221121;FirstVsSubsequent_20221121_2_cam2_08;7;cw;310,00;00:05:02;300;ccw;;;;;;;;00:05:04;205;ccw;ccw;160;;-95;ccw;0;95;205;205;-95;0;0;95
286;29;27;20221121;FirstVsSubsequent_20221121_2_cam2_08;8;ccw;130,00;00:05:25;110;cw;;275;ccw;;;;;00:05:30;205;both;both;180;;95;cw;0;95;275;205;165;-70;0;235
287;29;27;20221121;FirstVsSubsequent_20221121_2_cam2_08;9;cw;310,00;00:05:47;315;ccw;;;;;;;;00:05:50;165;ccw;ccw;160;;-150;ccw;0;150;165;165;-150;0;0;150
288;29;27;20221121;FirstVsSubsequent_20221121_2_cam2_08;10;ccw;130,00;00:06:06;110;cw;;;;;;;;00:06:08;260;cw;cw;265;;150;cw;0;150;260;260;150;0;0;150
289;30;28;20221121;FirstVsSubsequent_20221121_2_cam2_09;1;ccw;120,00;00:06:06;110;ccw;;;;;;;;00:06:17;0;ccw;ccw;235;;-110;ccw;0;110;0;0;-110;0;0;110
290;30;28;20221121;FirstVsSubsequent_20221121_2_cam2_09;2;cw;300,00;00:06:42;305;ccw;;;;;;;;00:06:54;200;ccw;ccw;190;;-105;ccw;0;105;200;200;-105;0;0;105
291;30;28;20221121;FirstVsSubsequent_20221121_2_cam2_09;3;ccw;120,00;00:07:15;85;ccw;;;;;;;;00:07:18;265;ccw;ccw;295;;180;cw;1;180;265;265;-180;0;0;180
292;30;28;20221121;FirstVsSubsequent_20221121_2_cam2_09;4;cw;300,00;00:07:43;310;cw;;;;;;;;00:07:44;335;cw;cw;300;;25;cw;0;25;335;335;25;0;0;25
293;30;28;20221121;FirstVsSubsequent_20221121_2_cam2_09;5;ccw;120,00;00:08:05;90;cw;;;;;;;;00:08:10;265;cw;cw;270;;175;cw;1;175;265;265;175;0;0;175
294;30;28;20221121;FirstVsSubsequent_20221121_2_cam2_09;6;cw;300,00;00:08:31;290;ccw;;;;;;;;00:08:32;265;no;ccw;275;;-25;ccw;0;25;265;265;-25;0;0;25
295;30;28;20221121;FirstVsSubsequent_20221121_2_cam2_09;7;ccw;120,00;00:08:52;135;ccw;;;;;;;;00:08:54;315;ccw;ccw;300;;180;cw;1;180;315;315;-180;0;0;180
296;30;28;20221121;FirstVsSubsequent_20221121_2_cam2_09;8;cw;300,00;00:09:07;285;cw;;;;;;;;00:09:09;300;no;cw;295;;15;cw;0;15;300;300;15;0;0;15
297;30;28;20221121;FirstVsSubsequent_20221121_2_cam2_09;9;ccw;120,00;00:09:24;125;ccw;;;;;;;;00:09:26;325;ccw;ccw;310;;-160;ccw;0;160;325;325;-160;0;0;160
298;30;28;20221121;FirstVsSubsequent_20221121_2_cam2_09;10;cw;300,00;00:09:42;315;ccw;;;;;;;;00:09:43;305;no;ccw;295;;-10;ccw;0;10;305;305;-10;0;0;10
299;31;29;20221121;FirstVsSubsequent_20221121_2_cam2_09;1;cw;65,00;00:13:20;80;ccw;;;;;;;;00:13:32;35;no;ccw;345;;-45;ccw;0;45;35;35;-45;0;0;45
300;31;29;20221121;FirstVsSubsequent_20221121_2_cam2_09;2;ccw;245,00;00:14:44;245;cw;;;;;;;;00:14:46;320;cw;cw;270;;75;cw;0;75;320;320;75;0;0;75
301;31;29;20221121;FirstVsSubsequent_20221121_2_cam2_09;3;cw;65,00;00:15:09;50;ccw;;;;;;;;00:15:11;275;ccw;ccw;270;;-135;ccw;0;135;275;275;-135;0;0;135
302;31;29;20221121;FirstVsSubsequent_20221121_2_cam2_09;4;ccw;245,00;00:15:29;245;cw;;;;;;;;00:15:32;275;no;cw;195;;30;cw;0;30;275;275;30;0;0;30
303;31;29;20221121;FirstVsSubsequent_20221121_2_cam2_09;5;cw;65,00;00:15:55;95;ccw;;;;;;;;00:16:02;285;ccw;ccw;195;;-170;ccw;1;170;285;285;-170;0;0;170
304;31;29;20221121;FirstVsSubsequent_20221121_2_cam2_09;6;ccw;245,00;00:16:24;280;ccw;;;;;;;;00:16:28;270;no;ccw;275;;-10;ccw;0;10;270;270;-10;0;0;10
305;31;29;20221121;FirstVsSubsequent_20221121_2_cam2_09;7;cw;65,00;00:16:45;85;ccw;;;;;;;;00:16:50;210;ccw;ccw;185;;125;cw;0;125;210;210;-235;0;0;235
306;31;29;20221121;FirstVsSubsequent_20221121_2_cam2_09;8;ccw;245,00;00:17:15;305;ccw;-360;;;;;;;00:17:21;275;ccw;ccw;230;;-30;ccw;0;30;275;275;-390;0;0;390
307;31;29;20221121;FirstVsSubsequent_20221121_2_cam2_09;9;cw;65,00;00:17:42;75;ccw;;;;;;;;00:17:44;275;ccw;ccw;230;;-160;ccw;0;160;275;275;-160;0;0;160
308;31;29;20221121;FirstVsSubsequent_20221121_2_cam2_09/FirstVsSubsequent_20221121_2_cam2_10;10;ccw;245,00;00:18:05;245;cw;;;;;;;;00:00:04;225;cw;cw;265;;-20;ccw;0;20;225;225;340;0;0;340
309;32;30;20221121;FirstVsSubsequent_20221121_pm2_cam2_04;1;ccw;40,00;00:02:35;345;cw;;;;;;;;00:02:41;145;cw;cw;195;;160;cw;0;160;145;145;160;0;0;160
310;32;30;20221121;FirstVsSubsequent_20221121_pm2_cam2_04;2;cw;220,00;00:03:12;225;ccw;;;;;;;;00:03:13;185;no;ccw;205;;-40;ccw;0;40;185;185;-40;0;0;40
311;32;30;20221121;FirstVsSubsequent_20221121_pm2_cam2_04;3;ccw;40,00;00:03:38;75;cw;;;;;;;;00:03:41;260;cw;cw;230;;-175;ccw;1;175;260;260;185;0;0;185
312;32;30;20221121;FirstVsSubsequent_20221121_pm2_cam2_04;4;cw;220,00;00:04:02;250;ccw;;;;;;;;00:04:03;225;no;ccw;225;;-25;ccw;0;25;225;225;-25;0;0;25
313;32;30;20221121;FirstVsSubsequent_20221121_pm2_cam2_04;5;ccw;40,00;00:04:20;35;ccw;;;;;;;;00:04:24;250;ccw;ccw;230;;-145;ccw;0;145;250;250;-145;0;0;145
314;32;30;20221121;FirstVsSubsequent_20221121_pm2_cam2_04;6;cw;220,00;00:04:41;220;cw;;;;;;;;00:04:42;270;cw;cw;235;;50;cw;0;50;270;270;50;0;0;50
315;32;30;20221121;FirstVsSubsequent_20221121_pm2_cam2_04;7;ccw;40,00;00:04:58;25;ccw;;;;;;;;00:05:00;260;ccw;ccw;235;;-125;ccw;0;125;260;260;-125;0;0;125
316;32;30;20221121;FirstVsSubsequent_20221121_pm2_cam2_04;8;cw;220,00;00:05:15;210;cw;;;;;;;;00:05:16;275;cw;cw;235;;65;cw;0;65;275;275;65;0;0;65
317;32;30;20221121;FirstVsSubsequent_20221121_pm2_cam2_04;9;ccw;40,00;00:05:34;0;ccw;;;;;;;;00:05:35;290;ccw;ccw;230;;-70;ccw;0;70;290;290;-70;0;0;70
318;32;30;20221121;FirstVsSubsequent_20221121_pm2_cam2_04;10;cw;220,00;00:05:50;220;cw;;;;;;;;00:05:51;280;no;cw;230;;60;cw;0;60;280;280;60;0;0;60