x,y
-0.011401019110384603,0.029521604912261523
-0.022865095885925335,0.058979566435583664
-0.03439214900820442,0.0883739340417371
-0.045982097158821844,0.11770475720257423
-0.0576348590193696,0.14697208538987816
-0.06935035327142103,0.1761759680754249
-0.08112849859658766,0.20531645473106153
-0.09296921367645261,0.2343935948285676
-0.104872417192591,0.26340743783972087
-0.11683802782661878,0.29235803323637555
-0.12886596426012087,0.32124543049029697
-0.14095614517465904,0.350069679073286
-0.15310848925185994,0.3788308284571702
-0.16532291517330044,0.4075289281137344
-0.17759934162055924,0.43616402751476535
-0.18993768727525318,0.46473617613210294
-0.2023378708189485,0.4932454234375303
-0.2147998109332443,0.5216918189028181
-0.22732342629973168,0.5500754119998277
-0.23990863560000708,0.5783962522003296
-0.2525553575156385,0.6066543889761089
-0.2652635107282473,0.6348498717990037
-0.2780330139194058,0.6629827501407952
-0.2908637857706955,0.691053073473272
-0.3037557449637296,0.7190608912682741
-0.3167088101800921,0.7470062529975809
-0.3297229001013493,0.7748892081329757
-0.3427979334091322,0.8027098061463054
-0.35593382878499913,0.8304680965093407
-0.3691305049105571,0.8581641286938737
-0.3823878804673866,0.8857979521717407
-0.3957058741370858,0.9133696164147285
-0.40908440460122897,0.9408791708946165
-0.4225233905414374,0.9683266650832465
-0.4360227506392791,0.9957121484523999
-0.44958240357633983,1.0230356704738632
-0.4632022680342258,1.0502972806194695
-0.4768822626945184,1.0774970283610124
-0.4906223062388131,1.104634963170259
-0.5044223173486895,1.1317111345190671
-0.5182822147057564,1.1587255918792145
-0.5322019169915864,1.1856783847224701
-0.5461813428877784,1.212569562520697
-0.5602204110759281,1.2393991747456585
-0.5743190402376044,1.2661672708691505
-0.5884771490544232,1.292873900363002
-0.6026946562079756,1.3195191126990107
-0.6169714803798145,1.3461029573489451
-0.6313075402515773,1.3726254837846525
-0.6457027545048266,1.399086741477916
-0.6601570418211544,1.425486779900515
-0.6746703208821678,1.4518256485242933
-0.6892425103694446,1.478103396821032
-0.7038735289645679,1.5043200742625142
-0.7185632953491439,1.5304757303205783
-0.7333117282047601,1.5565704144670196
-0.7481187462129872,1.5826041761735965
-0.7629842680554395,1.6085770649121685
-0.7779082124137044,1.634489130154515
-0.7928904979693625,1.6603404213724158
-0.8079310434040146,1.686130988037716
-0.8230297673992375,1.7118608796221917
-0.8381865886366295,1.7375301455976349
-0.8534014257977844,1.7631388354358712
-0.8686741975642942,1.7886869986086982
-0.8840048226177304,1.8141746845878934
-0.8993932196397099,1.8396019428452952
-0.9148393073118068,1.8649688228526884
-0.9303430043156098,1.8902753740818543
-0.9459042293327231,1.9155216460046365
-0.9615229010447264,1.9407076880928162
-0.9771989381332054,1.9658335498181714
-0.9929322592797636,1.9908992806525543
-1.008722783165993,2.015904930067734
-1.024570428473461,2.040850547535502
-1.0404751138837813,2.065736182527699
-1.0564367580785365,2.0905618845161005
-1.0724552797393079,2.115327702972495
-1.0885305975477042,2.1400336873687262
-1.1046626301853122,2.1646798871765682
-1.1208512963337016,2.189266351867813
-1.1370965146744902,2.21379313091429
-1.1533982038892567,2.2382602737878
-1.169756282659578,2.2626678299601046
-1.1861706696670664,2.2870158489030548
-1.2026412835933034,2.3113043800884334
-1.2191680431198737,2.335533472988022
-1.2357508669283819,2.3597031770736603
-1.2523896737004048,2.383813541817135
-1.2690843821175353,2.4078646166902224
-1.285834910861369,2.4318564511647693
-1.3026411786134995,2.455789094712559
-1.319503104055503,2.4796625968053725
-1.3364206058689838,2.503477006915041
-1.353393602735527,2.527232374513355
-1.3704220133367127,2.5509287490721047
-1.3875057563541509,2.5745661800631154
-1.4046447504694184,2.5981447169581813
-1.42183891436411,2.6216644092290853
-1.4390881667198148,2.645125306347662
-1.4563924262181338,2.668527457785695
-1.4737516115406306,2.691870913014972
-1.4911656413689318,2.7151557215073243
-1.5086344343846037,2.738381932734544
-1.5261579092692266,2.7615495961684147
-1.5437359847044227,2.7846587612807667
-1.5613685793717638,2.807709477543387
-1.5790556119528292,2.8307017944280712
-1.596797001129242,2.8536357614066326
-1.6145926655825686,2.8765114279508825
-1.6324425239943903,2.899328843532585
-1.6503464950463185,2.922088057623588
-1.6683044974199426,2.944789119695672
-1.6863164497968341,2.967432079220629
-1.7043822708586145,2.990016985670282
-1.7225018792868445,3.0125438885164293
-1.7406751937631197,3.035012837230841
-1.7589021329690508,3.0574238812853682
-1.7771826155862147,3.0797770701517866
-1.7955165602961785,3.102072453301888
-1.813903885780575,3.124310080207504
-1.8323445107209722,3.1464900003404157
-1.8508383537989515,3.1686122631724185
-1.869385333696128,3.19067691817534
-1.887985369094082,3.212684014820967
-1.906638378674379,3.2346336025810825
-1.9253442811186545,3.2565257309275335
-1.944102995108473,3.2783604493320926
-1.9629144393254085,3.30013780726655
-1.9817785324510924,3.321857854202735
-2.000695193167086,3.343520639612448
-2.0196643401549776,3.3651262129674553
-2.038685892096379,3.3866746237396104
-2.0577597676728736,3.4081659214006823
-2.076885885566024,3.429600155422472
-2.0960641644574647,3.4509773752768016
-2.115294523028761,3.472297630435465
-2.134576879961492,3.4935609703702415
-2.1539111539372815,3.514767444552975
-2.1732972636377053,3.5359171024554374
-2.192735127744326,3.5570099935494266
-2.2122246649387787,3.578046167306768
-2.2317657939026336,3.5990256731992556
-2.251358433317467,3.619948560698676
-2.2710025018648903,3.640814879276851
-2.29069791822649,3.661624678405582
-2.3104446010838444,3.682378007556645
-2.3302424691185655,3.7030749162018797
-2.3500914410122267,3.723715453813062
-2.3699914354464067,3.7442996698619897
-2.389942371102732,3.7648276138204952
-2.4099441666627666,3.785299335160362
-2.4299967408081047,3.805714883353369
-2.4501000122203447,3.8260743078713606
-2.4702538995810723,3.8463776581861158
-2.4904583215718814,3.8666249837694426
-2.510713196874332,3.886816334093128
-2.5310184441700647,3.906951758629001
-2.5513739821406514,3.927031306848848
-2.5717797294676545,3.9470550282244563
-2.5922356048327044,3.967022972227655
-2.612741526917369,3.986935188330241
-2.6332974144032324,4.006791726003991
-2.6539031859719078,4.026592634720744
-2.6745587603049765,4.046337963952288
-2.6952640560840155,4.066027763170398
-2.716018991990639,4.085662081846918
-2.736823486706423,4.1052409694536305
-2.7576774589129496,4.124764475462323
-2.7785808272918295,4.144232649344827
-2.7995335105246424,4.163645540572938
-2.820535427292967,4.183003198618428
-2.841586496278416,4.202305672953139
-2.862686636162577,4.221553013048853
-2.8838357656270146,4.240745268377358
-2.905033803353346,4.259882488410495
-2.9262806680231632,4.278964722620037
-2.947576278318026,4.29799202047778
-2.968920552919565,4.316964431455547
-2.9903134105093496,4.335882005025143
-3.011754769768956,4.354744790658339
-3.0332445493800053,4.373552837826972
-3.05478266802407,4.392306196002826
-3.07636904438273,4.41100491465769
-3.0980035971376116,4.429649043263398
-3.119686244970274,4.448238631291739
-3.141416906562302,4.466773728214497
-3.163195500595318,4.485254383503497
-3.18502194575089,4.503680646630537
-3.2068961607106115,4.5220525670674
-3.228818064156078,4.540370194285911
-3.250787574768884,4.558633577757876
-3.2728046112305913,4.576842766955062
-3.294869092222825,4.594997811349311
-3.3169809364271705,4.613098760412404
-3.339140062525183,4.63114566361614
-3.3613463891985047,4.649138570432337
-3.3835998351286998,4.667077530332792
-3.4059003189973405,4.684962592789285
-3.428247759486057,4.702793807273649
-3.45064207527641,4.720571223257673
-3.473083185049992,4.738294890213149
-3.4955710074884125,4.755964857611902
-3.5181054612732536,4.773581174925722
-3.5406864650860816,4.791143891626392
-3.563313937608531,4.808653057185749
-3.5859877975221615,4.826108721075576
-3.6087079635085555,4.8435109327676695
-3.6314743542493355,4.860859741733842
-3.6542868884260713,4.878155197445901
-3.6771454847203495,4.895397349375623
-3.7000500618137746,4.912586246994843
-3.7230005383879403,4.92972193977535
-3.745996833124404,4.946804477188925
-3.7690388647047968,4.963833908707402
-3.7921265518106964,4.980810283802571
-3.8152598131236672,4.997733651946222
-3.8384385673253343,5.014604062610177
-3.8616627330972797,5.03142156526623
-3.884932229121067,5.048186209386165
-3.9082469740783337,5.064898044441813
-3.931606886650635,5.081557119904973
-3.955011885519567,5.09816348524741
-3.9784618893667263,5.114717189940977
-4.001956816873713,5.131218283457448
-4.025496586722078,5.14766681526862
-4.049081117593468,5.164062834846314
-4.072710328169439,5.180406391662325
-4.096384137131567,5.19669753518844
-4.120102463161486,5.212936314896483
-4.14386522494076,5.229122780258253
-4.167672341150964,5.245256980745525
-4.1915237304737305,5.261338965830143
-4.215419311590617,5.27736878498388
-4.239359003183214,5.293346487678539
-4.263342723933137,5.30927212338594
-4.2873703925219555,5.3251457415778685
-4.311441927631251,5.340967391726123
-4.335557247942645,5.356737123302532
-4.359716272137714,5.372454985778871
-4.383918918898022,5.3881210286269425
-4.408165106905204,5.403735301318575
-4.43245475484083,5.419297853325544
-4.456787781386467,5.434808734119651
-4.481164105223751,5.450267993172714
-4.505583645034251,5.465675679956535
-4.530046319499531,5.481031843942896
-4.554552047301226,5.496336534603627
-4.57910074712091,5.51158980141051
-4.603692337640148,5.526791693835344
-4.628326737540574,5.54194226134994
-4.653003865503756,5.557041553426105
-4.677723640211262,5.57208961953563
-4.702485980344726,5.58708650915033
-4.727290804585722,5.602032271741999
-4.752138031615813,5.616926956782423
-4.777027580116636,5.631770613743436
-4.8019593687697535,5.646563292096827
-4.826933316256752,5.66130504131438
-4.851949341259236,5.675995910867927
-4.877007362458797,5.690635950229252
-4.902107298536999,5.705225208870148
-4.927249068175475,5.719763736262445
-4.952432590055788,5.734251581877926
-4.977657782859516,5.748688795188388
-5.00292456526828,5.763075425665653
-5.028232855963665,5.777411522781508
-5.053582573627234,5.791697136007743
-5.078973636940606,5.805932314816198
-5.104405964585374,5.82011710867865
-5.1298794752430945,5.834251567066888
-5.155394087595398,5.848335739452738
-5.180949720323856,5.862369675307997
-5.20654629211004,5.876353424104453
-5.232183721635578,5.890287035313934
-5.257861927582045,5.904170558408223
-5.283580828631011,5.918004042859112
-5.309340343464102,5.931787538138428
-5.335140390762889,5.945521093717966
-5.360980889208953,5.959204759069509
-5.386861757483906,5.9728385836648865
-5.412782914269331,5.986422616975888
-5.438744278246799,5.999956908474305
-5.464745768097931,6.013441507631958
-5.490787302504308,6.026876463920642
-5.5168688001474955,6.04026182681215
-5.542990179709125,6.053597645778298
-5.569151359870759,6.066883970290883
-5.595352259313985,6.080120849821698
-5.621592796720415,6.093308333842563
-5.647872890771632,6.106446471825267
-5.674192460149203,6.119535313241604
-5.7005514235347565,6.1325749075634
-5.726949699609862,6.145565304262446
-5.753387207056097,6.158506552810524
-5.7798638645550815,6.171398702679474
-5.806379590788395,6.1842418033410755
-5.8329343044375985,6.197035904267123
-5.859527924184336,6.209781054929438
-5.886160368710166,6.222477304799812
-5.9128315566966645,6.235124703350037
-5.939541406825456,6.247723300051936
-5.96628983777812,6.260273144377306
-5.993076768236219,6.272774285797931
-6.01990211688139,6.285226773785633
-6.046765802395198,6.297630657812212
-6.073667743459213,6.309985987349458
-6.1006078587550725,6.322292811869184
-6.127586066964338,6.3345511808431905
-6.154602286768588,6.346761143743274
-6.181656436849446,6.3589227500412395
-6.208748435888489,6.371036049208895
-6.235878202567277,6.383101090718023
-6.263045655567455,6.39511792404045
-6.290250713570584,6.4070865986479735
-6.317493295258237,6.419007164012372
-6.344773319312036,6.430879669605483
-6.372090704413565,6.4427041648990855
-6.39944536924439,6.454480699364977
-6.426837232486133,6.466209322474983
-6.454266212820377,6.47789008370089
-6.481732228928687,6.4895230325144855
-6.509235199492687,6.501108218387602
-6.5367750431939555,6.512645690792029
-6.5643516787140666,6.524135499199554
-6.591965024734638,6.535577693082006
-6.6196149999372516,6.546972321911168
-6.647301523003471,6.558319435158838
-6.675024512614931,6.569619082296837
-6.702783887453196,6.5808713127969565
-6.730579566199841,6.592076176130989
-6.758411467536499,6.603233721770758
-6.786279510144737,6.614343999188046
-6.814183612706126,6.625407057854668
-6.842123693902291,6.636422947242421
-6.870099672414809,6.6473917168231065
-6.89811146692525,6.658313416068522
-6.926158996115245,6.669188094450478
-6.954242178666357,6.680015801440776
-6.982360933260168,6.69079658651121
-7.0105151785783,6.701530499133591
-7.038704833302326,6.712217588779717
-7.066929816113815,6.722857904921385
-7.095190045694402,6.73345149703041
-7.123485440725652,6.7439984145785825
-7.151815919889135,6.754498707037699
-7.180181401866483,6.764952423879587
-7.208581805339274,6.77535961457602
-7.237017048989064,6.785720328598815
-7.2654870514975,6.796034615419773
-7.293991731546135,6.8063025245107
-7.322531007816557,6.816524105343378
-7.351104798990378,6.8266994073896345
-7.379713023749182,6.836828480121264
-7.408355600774533,6.8469113730100535
-7.437032448748066,6.856948135527825
-7.465743486351347,6.866938817146375
-7.49448863226595,6.876883467337487
-7.5232678051735045,6.886782135572991
-7.55208092375558,6.8966348713246735
-7.580927906693745,6.906441724064331
-7.609808672669633,6.916202743263787
-7.638723140364814,6.925917978394827
-7.667671228460859,6.935587478929252
-7.696652855639393,6.94521129433887
-7.725667940581996,6.95478947409549
-7.754716401970229,6.964322067670894
-7.7837981584857285,6.9738091245369045
-7.812913128810065,6.983250694165315
-7.842061231624799,6.992646826027917
-7.87124238561158,7.001997569596531
-7.900456509451959,7.011302974342948
-7.9297035218275145,7.020563089738969
-7.9589833414198825,7.029777965256409
-7.988295886910619,7.038947650367058
-8.017641076981313,7.048072194542714
-8.047018830313583,7.057151647255191
-8.076429065588997,7.0661860579762905
-8.105871701489132,7.075175476177799
-8.135346656695617,7.084119951331536
-8.16485384989003,7.093019532909297
-8.194393199753918,7.101874270382881
-8.223964624968936,7.110684213224099
-8.253568044216642,7.119449410904748
-8.283203376178612,7.128169912896615
-8.312870539536473,7.136845768671529
-8.342569452971798,7.145477027701277
-8.372300035166148,7.154063739457657
-8.402062204801169,7.162605953412482
-8.43185588055842,7.171103719037555
-8.461680981119478,7.179557085804662
-8.491537425165973,7.187966103185614
-8.521425131379466,7.196330820652227
-8.551344018441537,7.204651287676276
-8.581294005033811,7.212927553729587
-8.611275009837865,7.221159668283947
-8.64128695153526,7.229347680811168
-8.67132974880764,7.237491640783043
-8.701403320336563,7.24559159767138
-8.731507584803623,7.253647600947987
-8.76164246089039,7.261659700084641
-8.791807867278497,7.26962794455318
-8.822003722649516,7.277552383825379
-8.852229945685007,7.285433067373043
-8.882486455066612,7.293270044667986
-8.912773169475894,7.301063365182005
-8.943090007594435,7.308813078386892
-8.973436888103851,7.316519233754464
-9.00381372968572,7.324181880756521
-9.034220451021607,7.33180106886485
-9.064656970793152,7.339376847551273
-9.095123207681915,7.346909266287581
-9.125619080369471,7.354398374545569
-9.156144507537451,7.361844221797055
-9.18669940786743,7.369246857513835
-9.217283700040966,7.376606331167698
-9.247897302739702,7.383922692230472
-9.278540134645205,7.391195990173943
-9.309212114439035,7.398426274469907
-9.339913160802837,7.40561359459018
-9.370643192418175,7.412758000006564
-9.401402127966616,7.419859540190837
-9.432189886129795,7.426918264614832
-9.463006385589285,7.433934222750336
-9.493851545026647,7.44090746406915
-9.524725283123527,7.447838038043082
-9.555627518561476,7.45472599414393
-9.586558170022073,7.461571381843493
-9.61751715618696,7.4683742506135875
-9.648504395737692,7.475134649925996
-9.679519807355842,7.481852629252531
-9.710563309723042,7.488528238064992
-9.741634821520872,7.495161525835188
-9.77273426143088,7.501752542034902
-9.80386154813472,7.508301336135963
-9.835016600313953,7.514807957610154
-9.866199336650144,7.521272455929287
-9.897409675824932,7.527694880565152
-9.928647536519883,7.534075280989564
-9.95991283741657,7.540413706674309
-9.991205497196617,7.546710207091211
-10.022525434541603,7.552964831712055
-10.053872568133087,7.559177630008643
-10.085246816652713,7.565348651452789
-10.11664809878205,7.571477945516291
-10.148076333202656,7.5775655616709425
-10.179531438596168,7.583611549388555
-10.21101333364416,7.589615958140927
-10.2425219370282,7.595578837399854
-10.274057167429923,7.601500236637152
-10.305618943530888,7.607380205324615
-10.337207184012673,7.613218792934044
-10.368821807556913,7.619016048937235
-10.40046273284517,7.624772022806015
-10.43212987855901,7.630486764012149
-10.463823163380074,7.636160322027473
-10.495542505989938,7.641792746323771
-10.527287825070154,7.64738408637284
-10.559059039302369,7.6529343916464985
-10.59085606736814,7.658443711616544
-10.622678827949048,7.663912095754769
-10.654527239726715,7.669339593532984
-10.68640122138272,7.674726254422987
-10.718300691598625,7.680072127896585
-10.750225569056067,7.685377263425574
-10.782175772436617,7.690641710481758
-10.81415122042183,7.695865518536946
-10.846151831693362,7.701048737062928
-10.878177524932767,7.706191415531515
-10.910228218821612,7.711293603414502
-10.942303832041542,7.716355350183699
-10.974404283274119,7.721376705310901
-11.006529491200908,7.726357718267915
-11.038679374503548,7.731298438526538
-11.070853851863603,7.73619891555858
-11.10305284196265,7.7410591988358295
-11.135276263482314,7.745879337830106
-11.167524035104176,7.750659382013202
-11.199796075509788,7.755399380856913
-11.232092303380796,7.760099383833056
-11.264412637398767,7.764759440413419
-11.29675699624526,7.769379600069817
-11.329125298601923,7.773959912274039
-11.36151746315032,7.778500426497898
-11.39393340857201,7.783001192213179
-11.426373053548645,7.7874622588917095
-11.458836316761783,7.791883676005275
-11.491323116892985,7.796265493025677
-11.523833372623894,7.8006077594247305
-11.556367002636083,7.804910524674222
-11.588923925611109,7.809173838245956
-11.621504060230617,7.81339774961174
-11.654107325176177,7.817582308243379
-11.686733639129336,7.82172756361267
-11.719382920771753,7.825833565191411
-11.752055088784989,7.829900362451413
-11.784750061850609,7.83392800486447
-11.817467758650245,7.837916541902393
-11.850208097865476,7.841866023036973
-11.882970998177854,7.845776497740017
-11.915756378269027,7.849648015483334
-11.948564156820563,7.8534806257387135
-11.981394252514026,7.857274377977964
-12.014246584031053,7.8610293216728895
-12.047121070053205,7.864745506295291
-12.080017629262063,7.868422981316963
-12.11293618033925,7.872061796209719
-12.145876641966343,7.875662000445354
-12.178838932824902,7.879223643495672
-12.211822971596575,7.882746774832475
-12.244828676962918,7.886231443927565
-12.277855967605493,7.889677700252742
-12.31090476220595,7.8930855932798085
-12.343974979445854,7.896455172480577
-12.377066538006769,7.899786487326834
-12.410179356570332,7.903079587290387
-12.443313353818112,7.906334521843041
-12.476468448431671,7.90955134045659
-12.509644559092653,7.912730092602851
-12.542841604482629,7.91587082775361
-12.576059503283144,7.918973595380679
-12.609298174175862,7.922038444955854
-12.642557535842336,7.925065425950949
-12.675837506964132,7.928054587837744
-12.709138006222897,7.931005980088061
-12.742458952300183,7.933919652173701
-12.775800263877567,7.936795653566451
-12.809161859636689,7.939634033738129
-12.842543658259114,7.942434842160525
-12.8759455784264,7.945198128305448
-12.909367538820195,7.947923941644694
-12.94280945812206,7.950612331650079
-12.976271255239912,7.953263349788772
-13.0097528542878,7.955877093421909
-13.04325418458573,7.958453705804539
-13.076775175680087,7.960993332187089
-13.110315757117306,7.963496117820009
-13.143875858443756,7.965962207953725
-13.177455409205827,7.968391747838675
-13.211054338949939,7.97078488272531
-13.244672577222467,7.973141757864054
-13.278310053569797,7.97546251850534
-13.31196669753836,7.9777473098996285
-13.345642438674528,7.979996277297333
-13.379337206524678,7.982209565948905
-13.413050930635244,7.984387321104775
-13.446783540552605,7.986529688015382
-13.480534965823132,7.988636811931167
-13.514305135993261,7.990708838102565
-13.548093980609362,7.992745911780011
-13.581901429217822,7.9947481782139445
-13.615727411365071,7.996715782654801
-13.649571856597483,7.9986488703530245
-13.683434694461432,8.000547586559039
-13.717315854503354,8.002412076523301
-13.751215266269629,8.004242485496237
-13.785132859306618,8.006038958728277
-13.819068563160776,8.007801641469877
-13.853022307378467,8.009530678971453
-13.886994021506062,8.01122621648346
-13.92098363509,8.012888399256331
-13.954991077676667,8.014517372540498
-13.989016278812421,8.016113281586405
-14.023059168043709,8.017676271644477
-14.057119674916901,8.019206487965173
-14.091197728978369,8.020704075798909
-14.125293259774558,8.022169180396132
-14.15940619685184,8.023601947007284
-14.193536469756573,8.025002520882795
-14.227684008035219,8.026371047273107
-14.261848741234147,8.027707671428653
-14.296030598899712,8.029012538599867
-14.330229510578373,8.030285794037203
-14.364445405816493,8.031527582991087
-14.398678214160444,8.032738050711954
-14.432927865156678,8.03391734245024
-14.467194288351553,8.03506560345639
-14.501477413291447,8.036182978980841
-14.535777169522802,8.037269614274026
-14.57009348659199,8.038325654586385
-14.604426294045386,8.03935124516835
-14.63877552142942,8.040346531270368
-14.673141098290483,8.041311658142876
-14.707522954174923,8.042246771036298
-14.741921018629203,8.043152015201086
-14.776335221199687,8.044027535887667
-14.810765491432743,8.044873478346487
-14.845211758874814,8.045689987827982
-14.879673953072274,8.046477209582585
-14.914152003571498,8.047235288860735
-14.948645839918928,8.04796437091287
-14.983155391660922,8.048664600989431
-15.017680588343872,8.049336124340849
-15.052221359514206,8.049979086217567
-15.086777634718302,8.050593631870017
-15.121349343502523,8.051179906548642
-15.155936415413326,8.051738055503877
-15.19053877999707,8.052268223986152
-15.225156366800132,8.052770557245916
-15.259789105368952,8.053245200533604
-15.294436925249904,8.053692299099653
-15.329099755989354,8.054111998194495
-15.363777527133756,8.054504443068575
-15.39847016822947,8.054869778972327
-15.433177608822874,8.055208151156188
-15.467899778460406,8.055519704870592
-15.502636606688444,8.055804585365982
-15.537388023053346,8.056062937892792
-15.572153957101573,8.056294907701465
-15.606934338379485,8.056500640042431
-15.641729096433455,8.056680280166136
-15.676538160809926,8.056833973323007
-15.711361461055269,8.056961864763492
-15.746198926715856,8.057064099738023
-15.781050487338131,8.057140823497031
-15.815916072468461,8.05719218129097
-15.850795611653226,8.057218318370262
-15.885689034438862,8.05721937998535
-15.920596270371735,8.057195511386672
-15.95551724899823,8.057146857824664
-15.990451899864777,8.057073564549766
-16.025400152517765,8.056975776812413
-16.06036193650354,8.056853639863041
-16.095337181368564,8.056707298952093
-16.13032581665921,8.05653689933
-16.165327771921827,8.056342586247206
-16.20034297670288,8.056124504954147
-16.235371360548744,8.055882800701253
-16.27041285300576,8.055617618738973
-16.3054673836204,8.05532910431773
-16.34053488193903,8.055017402687978
-16.375615277508007,8.054682659100147
-16.410708499873788,8.054325018804667
-16.44581447858274,8.053944627051985
-16.480933143181236,8.053541629092534
-16.516064423215713,8.053116170176759
-16.55120824823255,8.052668395555083
-16.58636454777811,8.052198450477961
-16.621533251398848,8.051706480195813
-16.65671428864113,8.051192629959088
-16.691907589051343,8.050657045018218
-16.727113082175862,8.050099870623646
-16.762330697561136,8.049521252025807
-16.797560364753533,8.048921334475137
-16.832802013299425,8.04830026322207
-16.868055572745252,8.047658183517052
-16.903320972637385,8.046995240610515
-16.9385981425222,8.046311579752894
-16.973887011946136,8.04560734619463
-17.00918751045557,8.044882685186169
-17.044499567596862,8.044137741977929
-17.07982311291647,8.043372661820362
-17.11515807596075,8.042587589963903
-17.15050438627608,8.041782671658991
-17.1858619734089,8.040958052156052
-17.221230766905595,8.040113876705535
-17.25661069631252,8.039250290557879
-17.292001691176125,8.03836743896351
-17.327403681042785,8.037465467172874
-17.362816595458856,8.036544520436417
-17.398240363970796,8.03560474400455
-17.43367491612497,8.034646283127737
-17.469120181467755,8.0336692830564
-17.504576089545587,8.03267388904098
-17.540042569904838,8.031660246331922
-17.57551955209188,8.03062850017965
-17.611006965653164,8.029578795834619
-17.646504740135054,8.028511278547244
-17.68201280508391,8.027426093567987
-17.7175310900462,8.026323386147267
-17.753059524568275,8.025203301535521
-17.788598038196515,8.024065984983197
-17.82414656047736,8.022911581740738
-17.85970502095719,8.02174023705856
-17.895273349182357,8.020552096187119
-17.930851474699324,8.019347304376845
-17.96643932705445,8.018126006878175
-18.002036835794108,8.016888348941544
-18.037643930464746,8.015634475817398
-18.073260540612733,8.014364532756167
-18.108886595784437,8.013078665008296
-18.14452202552631,8.01177701782421
-18.180166759384715,8.010459736454353
-18.215820726906014,8.00912696614917
-18.25148385763667,8.007778852159086
-18.287156081123044,8.00641553973455
-18.32283732691151,8.00503717412599
-18.35852752454851,8.003643900583848
-18.394226603580417,8.002235864358555
-18.429934493553592,8.000813210700562
-18.465651124014492,7.999376084860296
-18.50137642450948,7.9979246320881945
-18.537110324584933,7.996458997634695
-18.572852753787284,7.994979326750245
-18.608603641662913,7.993485764685262
-18.64436291775819,7.991978456690207
-18.680130511619556,7.990457548015504
-18.71590635279339,7.98892318391159
-18.751690370826044,7.987375509628906
-18.787482495263987,7.98581467041789
-18.823282655653568,7.984240811528972
-18.859090781541166,7.982654078212599
-18.89490680247323,7.981054615719204
-18.93073064799612,7.979442569299225
-18.966562247656217,7.977818084203102
-19.00240153099996,7.976181305681267
-19.038248427573723,7.974532378984167
-19.07410286692387,7.972871449362222
-19.109964778596858,7.971198662065882
-19.145834092139044,7.969514162345588
-19.181710737096797,7.96781809545177
-19.217594643016575,7.9661106066348655
-19.25348573944474,7.96439184114532
-19.28938395592767,7.962661944233554
-19.325289222011794,7.96092106115003
-19.361201467243493,7.959169337145164
-19.39712062116914,7.957406917469401
-19.433046613335176,7.955633947373181
-19.468979373287972,7.953850572106932
-19.5049188305739,7.952056936921098
-19.540864914739398,7.950253187066126
-19.576817555330845,7.948439467792438
-19.612776681894598,7.94661592435048
-19.64874222397712,7.944782701990684
-19.68471411112477,7.942939945963497
-19.72069227288392,7.941087801519339
-19.75667663880102,7.939226413908669
-19.792667138422434,7.937355928381903
-19.82866370129453,7.935476490189496
-19.864666256963762,7.933588244581879
-19.900674734976494,7.931691336809484
-19.936689064879094,7.929785912122762
-19.972709176218018,7.927872115772134
-20.008734998539623,7.925950093008042
-20.04476646139029,7.924019989080934
-20.080803494316452,7.922081949241237
-20.116846026864494,7.920136118739395
-20.152893988580768,7.918182642825846
-20.18894730901174,7.9162216667510155
-20.22500591770377,7.914253335765347
-20.26106974420322,7.9122777951192855
-20.297138718056548,7.910295190063264
-20.33321276881012,7.908305665847715
-20.3692918260103,7.906309367723084
-20.405375819203552,7.9043064409398
-20.44146467793622,7.9022970307483025
-20.47755833175469,7.900281282399037
-20.513656710205407,7.898259341142436
-20.549759742834734,7.896231352228929
-20.58586735918905,7.8941974609089645
-20.62197948881479,7.892157812432972
-20.658096061258338,7.890112552051393
-20.694217006066044,7.888061825014676
-20.73034225278437,7.88600577657323
-20.766471730959687,7.883944551977523
-20.802605370138355,7.881878296477973
-20.83874309986683,7.8798071553250235
-20.874884849691465,7.8777312737691165
-20.911030549158646,7.875650797060681
-20.947180127814814,7.873565870450152
-20.983333515206336,7.871476639187984
-21.019490640879585,7.869383248524601
-21.055651434381,7.867285843710443
-21.09181582525697,7.865184569995941
-21.127983743053843,7.86307957263155
-21.16415511731807,7.860970996867687
-21.200329877596033,7.8588589879547985
-21.23650795343409,7.856743691143331
-21.272689274378685,7.854625251683716
-21.30887376997619,7.852503814826376
-21.345061369772985,7.850379525821767
-21.38125200331551,7.848252529920318
-21.41744560015013,7.846122972372472
-21.453642089823216,7.84399099842866
-21.48984140188122,7.841856753339323
-21.526043465870504,7.839720382354892
-21.562248211337437,7.837582030725821
-21.598455567828477,7.835441843702528
-21.634665464889984,7.833299966535465
-21.670877832068324,7.831156544475062
-21.707092598909956,7.829011722771755
-21.743309694961244,7.826865646675985
-21.77952904976855,7.824718461438197
-21.815750592878327,7.822570312308814
-21.851974253836946,7.82042134453828
-21.888199962190775,7.818271703377031
-21.924427647486258,7.816121534075501
-21.960657239269768,7.813970981884141
-21.996888667087674,7.811820192053377
-22.03312186048642,7.809669309833646
-22.06935674901238,7.807518480475393
-22.10559326221191,7.8053678492290555
-22.141831329631476,7.803217561345052
-22.17807088081744,7.801067762073844
-22.214311845316168,7.7989185966658585
-22.250554152674102,7.796770210371539
-22.286797732437627,7.7946227484413075
-22.323042514153098,7.792476356125613
-22.35928842736697,7.790331178674895
-22.395535401625608,7.788187361339583
-22.43178336647538,7.786045049370129
-22.468032251462734,7.783904388016952
-22.50428198613405,7.781765522530501
-22.54053250003568,7.779628598161208
-22.57678372271408,7.777493760159517
-22.61303558371562,7.775361153775849
-22.64928801258667,7.773230924260668
-22.68554093887367,7.771103216864388
-22.721794292123,7.768978176837459
-22.758048001881015,7.7668559494303135
-22.794301997694173,7.764736679893391
-22.830556209108842,7.762620513477133
-22.86681056567139,7.7605075954319656
-22.90306499692826,7.7583980710083384
-22.93931943242583,7.756292085456673
-22.97557380171046,7.754189784027426
-23.0118280343286,7.752091311971023
-23.048082059826623,7.749996814537903
-23.0843358077509,7.7479064369785124
-23.12058920764786,7.745820324543276
-23.156842189063898,7.743738622482633
-23.193094681545368,7.74166147604703
-23.229346614638718,7.739589030486892
-23.265597917890318,7.737521431052668
-23.30184852084654,7.735458822994795
-23.33809835305383,7.733401351563698
-23.374347344058556,7.731349162009829
-23.41059542340709,7.729302399583611
-23.446842520645877,7.727261209535493
-23.483088565321278,7.725225737115908
-23.51933348697968,7.723196127575298
-23.555577215167514,7.721172526164091
-23.591819679431158,7.719155078132735
-23.62806080931698,7.7171439287316606
-23.664300534371424,7.715139223211304
-23.700538784140868,7.713141106822109
-23.736775488171663,7.711149724814506
-23.77301057601028,7.709165222438942
-23.809243977203064,7.707187744945843
-23.845475621296398,7.705217437585654
-23.881705437836725,7.703254445608815
-23.917933356370423,7.701298914265751
-23.95415930644385,7.6993509888069145
-23.990383217603455,7.697410814482735
-24.026605019395618,7.695478536543645
-24.06282464136669,7.693554300240093
-24.099042013063134,7.691638250822509
-24.135257064031315,7.689730533541335
-24.171469723817594,7.68783129364701
-24.207679921968428,7.685940676389963
-24.243887588030184,7.68405882702063
-24.28009265154922,7.682185890789464
-24.316295042072003,7.680322012946883
-24.352494689144887,7.678467338743344
-24.388691522314247,7.6766220134292755
-24.42488547112653,7.674786182255106
-24.461076465128105,7.672959990471286
-24.497264433865336,7.671143583328243
-24.53344930688468,7.669337106076421
-24.569631013732504,7.667540703966255
-24.605809483955166,7.665754522248191
-24.64198464709912,7.663978706172655
-24.678156432710743,7.662213400990085
-24.714324770336397,7.660458751950928
-24.75048958952253,7.65871490430561
-24.78665081981551,7.656982003304572
-24.8228083907617,7.655260194198258
-24.858962231907565,7.653549622237096
-24.89511227279946,7.651850432671539
-24.93125844298375,7.650162770751999
-24.967400672006896,7.648486781728936
-25.00353888941526,7.646822610852775
-25.03967302475521,7.645170403373962
-25.075803007573196,7.643530304542926
-25.111928767415595,7.64190245961011
-25.148050233828755,7.640287013825949
-25.184167336359142,7.638684112440883
-25.220280004553118,7.63709390070535
-25.25638816795705,7.635516523869784
-25.292491756117386,7.633952127184623
-25.328590698580502,7.632400855900302
-25.364684924892764,7.630862855267269
-25.40077436460061,7.629338270535941
-25.43685894725043,7.627827246956786
-25.472938602388595,7.62632992978021
-25.50901325956149,7.624846464256672
-25.54508284831555,7.623376995636599
-25.58114729819716,7.621921669170428
-25.617206538752672,7.620480630108611
-25.653260499528553,7.619054023701567
-25.68930911007115,7.617641995199735
-25.725352299926843,7.6162446898535645
-25.761389998642084,7.614862252913488
-25.797422135763238,7.613494829629941
-25.83344864083667,7.612142565253359
-25.869469443408832,7.610805605034182
-25.905484473026092,7.609484094222848
-25.94149365923482,7.608178178069794
-25.97749693158146,7.606888001825455
-26.013494219612387,7.605613710740274
-26.049485452873963,7.604355450064682
-26.085470560912636,7.60311336504912
-26.12144947327478,7.601887600944027
-26.157422119506762,7.600678302999837
-26.193388429155036,7.599485616466987
-26.229348331765955,7.59830968659592
-26.265301756885897,7.597150658637064
-26.301248634061313,7.5960086778408655
-26.33718889283857,7.59488388945776
-26.37312246276403,7.593776438738184
-26.409049273384152,7.592686470932568
-26.4449692542453,7.591614131291363
-26.480882334893835,7.590559565065002
-26.51678844487622,7.589522917503915
-26.552687513738814,7.5885043338585465
-26.58857947102798,7.587503959379328
-26.624464246290177,7.5865219393166985
-26.660341769071778,7.585558418921101
-26.69621196891913,7.584613543442972
-26.732074775378706,7.583687458132742
-26.767930117996855,7.582780308240851
-26.80377792631996,7.5818922390177494
-26.83961812989446,7.581023395713855
-26.87545065826673,7.580173923579613
-26.911275440983133,7.579343967865464
-26.947092407590127,7.5785336738218465
-26.98290148763407,7.577743186699189
-27.018702610661325,7.576972651747935
-27.054495706218358,7.576222214218527
-27.09028070385153,7.575492019361393
-27.126057533107208,7.574782212426976
-27.16182612353184,7.574092938665709
-27.19758640467179,7.573424343328034
-27.23333830607343,7.572776571664383
-27.269081757283224,7.572149768925202
-27.304816687847516,7.571544080360921
-27.34054302731269,7.570959651221978
-27.37626070522519,7.5703966267588125
-27.411969651131383,7.5698551522218676
-27.44766979457764,7.5693353728615715
-27.483361065110405,7.568837433928364
-27.51904339227605,7.568361480672687
-27.55471670562095,7.567907658344973
-27.590380934691545,7.567476112195658
-27.6260360090342,7.567066987475188
-27.661681858195298,7.566680429433992
-27.697318411721266,7.5663165833225055
-27.73294559915849,7.565975594391178
-27.768563350053338,7.565657607890435
-27.804171593952248,7.565362769070722
-27.839770260401593,7.565091223182469
-27.875359278947748,7.564843115476121
-27.910938579137152,7.564618591202111
-27.946508090516186,7.564417795610881
-27.9820677426312,7.56424087395286
-28.01761746502866,7.564087971478491
-28.053157187254925,7.563959233438213
-28.08868683885637,7.5638548050824586
-28.124206349379424,7.56377483166167
-28.159715648370486,7.563719458426283
-28.195214665375904,7.563688830626733
-28.23070332994213,7.563683093513456
-28.26618157161554,7.563702392336898
-28.301649319942488,7.5637468723474885
-28.337106504469443,7.5638166787956695
-28.372553054742756,7.563911956931877
-28.407988900308794,7.564032852006543
-28.443413970714023,7.564179509270113
-28.478828195504793,7.5643520739730175
-28.514231504227485,7.564550691365698
-28.54962382642855,7.564775506698597
-28.58500509165434,7.565026665222144
-28.620375229451234,7.565304312186777
-28.655734169365676,7.565608592842937
-28.69108184094405,7.565939652441058
-28.726418173732696,7.56629763623158
-28.761743097278096,7.566682689464939
-28.79705654112659,7.56709495739157
-28.832358434824567,7.567534585261923
-28.86764870791846,7.568001718326416
-28.902927289954643,7.568496501835503
-28.938194110479497,7.569019081039611
-28.973449099039446,7.5695696011891815
-29.008692185180877,7.570148207534652
-29.04392329845015,7.570755045326459
-29.079142368393725,7.5713902598150415
-29.114349324557953,7.572053996250839
-29.14954409648922,7.5727463998842826
-29.18472661373395,7.573467615965809
-29.219896805838545,7.574217789745868
-29.255054602349343,7.574997066474888
-29.290199932812815,7.5758055914033005
-29.325332726775315,7.576643509781556
-29.36045291378322,7.577510966860084
-29.395560423382975,7.578408107889322
-29.430655185120944,7.579335078119707
-29.465737128543505,7.580292022801684
-29.500806183197092,7.581279087185683
-29.535862278628095,7.582296416522146
-29.57090534438286,7.583344156061502
-29.60593531000785,7.584422451054197
-29.640952105049433,7.585531446750666
-29.675955659053972,7.586671288401343
-29.710945901567918,7.587842121256669
-29.745922762137635,7.5890440905670875
-29.780886170309497,7.59027734158302
-29.815836055629948,7.59154201955492
-29.850772347645368,7.592838269733219
-29.885694975902112,7.594166237368347
-29.92060386994663,7.595526067710756
-29.955498959325293,7.596917906010871
-29.99038017358448,7.5983418975191395
-30.02524744227062,7.599798187485986
-30.060100694930096,7.60128692116186
-30.09493986110927,7.6028082437971936
-30.129764870354595,7.604362300642423
-30.164575652212434,7.605949236947987
-30.199372136229158,7.607569197964326
-30.234154251951217,7.609222328941877
-30.26892192892498,7.610908775131074
-30.303675096696807,7.612628681782356
-30.33841368481316,7.614382194146158
-30.373137622820398,7.616169457472923
-30.40784684026489,7.61799061701308
-30.442541266693098,7.619845818017081
-30.477220831651366,7.621735205735346
-30.51188546468608,7.623658925418328
-30.546535095343685,7.62561712231645
-30.581169653170548,7.6276099416801575
-30.61578906771304,7.629637528759888
-30.650393268517604,7.6317000288060814
-30.684982185130618,7.633797587069173
-30.71955574709844,7.635930348799592
-30.754113883967527,7.638098459247791
-30.788656525284235,7.640302063664192
-30.823183600594955,7.642541307299242
-30.85769503944611,7.644816335403375
-30.892190771384083,7.647127293227031
-30.92667072595524,7.649474326020647
-30.961134832706026,7.651857579034656
-30.99558302118282,7.654277197519503
-31.03001522093198,7.65673332672562
-31.064431361499956,7.659226111903445
-31.098831372433118,7.661755698303418
-31.133215183277827,7.664322231175971
-31.16758272358055,7.666925855771547
-31.201933922887648,7.669566717340585
-31.236268710745478,7.67224496113351
-31.2705870167005,7.674960732400775
-31.304888770299073,7.67771417639281
-31.33917390108758,7.680505438360056
-31.373442338612453,7.683334663552943
-31.40769401242007,7.686201997221916
-31.4419288520568,7.689107584617409
-31.47614678706909,7.692051570989863
-31.51034774700331,7.695034101589707
-31.544531661405824,7.698055321667384
-31.578698459823084,7.7011153764733375
-31.612848071801448,7.704214411257988
-31.646980426887307,7.707352571271793
-31.681095454627098,7.71053000176518
-31.715193084567176,7.7137468479885865
-31.749273246253924,7.71700325519245
-31.783335869233788,7.720299368627208
-31.817380883053143,7.723635333543298
-31.851408217258378,7.727011295191156
-31.88541780139588,7.730427398821229
-31.919409565012007,7.733883789683938
-31.953383437653244,7.73738061302973
-31.987339348865948,7.740918014109051
-32.02127722819649,7.744496138172318
-32.055197005191296,7.748115130469985
-32.08909860939675,7.751775136252485
-32.12298197035919,7.755476300770249
-32.156847017625125,7.7592187692737244
-32.190693680740885,7.763002687013346
-32.22452188925287,7.76682819923955
-32.258331572707476,7.770695451202764
-32.292122660651096,7.774604588153446
-32.32589508263008,7.77855575534201
-32.35964876819092,7.782549098018913
-32.39338364687997,7.786584761434584
-32.42709964824361,7.7906628908394655
-32.460796701828244,7.794783631483986
-32.49447473718027,7.798947128618591
-32.52813368384602,7.803153527493707
-32.561773471372,7.807402973359787
-32.59539402930455,7.811695611467256
-32.62899528719009,7.816031587066563
-32.66257717457496,7.820411045408131
-32.696139621005614,7.824834131742408
-32.729682556028365,7.829300991319824
-32.7632059091897,7.833811769390829
-32.796709610036,7.838366611205844
-32.83019358811363,7.8429656620153185
-32.86365777296899,7.847609067069692
-32.89710209414849,7.85229697161939
-32.930526481198456,7.8570295209148515
-32.9639308636654,7.861806860206526
-32.99731517109565,7.8666291347448425
-33.03067933303561,7.871496489780236
-33.06402327903168,7.876409070563154
-33.09734693863025,7.881367022344024
-33.130650241377666,7.886370490373279
-33.163933116820424,7.891419619901372
-33.19719549450486,7.896514556178731
-33.23043730397739,7.9016554444558
-33.263658474784386,7.906842429983003
-33.296858936472255,7.912075658010794
-33.330038618587345,7.917355273789591
-33.36319745067614,7.922681422569854
-33.396335362285,7.928054249602004
-33.429452282960305,7.933473900136486
-33.46254814224846,7.938940519423733
-33.49562286969585,7.9444542527141895
-33.52867639484884,7.950015245258276
-33.5617086472539,7.955623642306451
-33.5947195564574,7.961279589109141
-33.62770905200572,7.9669832309167905
-33.660677063445256,7.972734712979831
-33.693623520322404,7.978534180548694
-33.72654835218351,7.98438177887382
-33.75945148857507,7.990277653205657
-33.792332859043434,7.996221948794636
-33.825192393134984,8.002214810891195
-33.85803002039612,8.008256384745772
-33.89084567037326,8.014346815608802
-33.923639272612704,8.020486248730707
-33.956410756660986,8.02667482936196
-33.989160052064435,8.032912702752975
-34.02188708836945,8.039200014154192
-34.05459179512242,8.045536908816048
-34.08727410186976,8.051923531988992
-34.119933938157786,8.058360028923433
-34.152571233533024,8.064846544869846
-34.18518591754178,8.07138322507864
-34.21777791973049,8.077970214800265
-34.250347169645515,8.084607659285156
-34.28289359683328,8.091295703783752
-34.31541713084011,8.098034493546484
-34.3479177012125,8.104824173823795
-34.38039523749681,8.111664889866125
-34.41284966923942,8.118556786923905
-34.445280925986744,8.125500010247576
-34.47768893728516,8.132494705087579
-34.51007363268102,8.139541016694332
-34.54243494172081,8.1466390903183
-34.574772793950885,8.153789071209909
-34.60708711891764,8.160991104619592
-34.63937784616747,8.168245335797797
-34.671644905246765,8.17555190999495
-34.703888225701874,8.182910972461483
-34.73610773707929,8.190322668447854
-34.76830336892536,8.197787143204488
-34.800475050786474,8.205304541981826
-34.83262271220904,8.212875010030304
-34.86474628273944,8.220498692600357
-34.89684569192403,8.228175734942416
-34.928920869309295,8.23590628230694
-34.960971744441586,8.24369047994435
-34.992998246867295,8.251528473105088
-35.02500030613282,8.259420407039586
-35.056977851784545,8.267366426998295
-35.08893081336883,8.275366678231626
-35.12085912043218,8.283421305990045
-35.1527627025209,8.291530455523981
-35.18464148918144,8.299694272083864
-35.216495409960146,8.307912900920138
-35.24832439440344,8.316186487283238
-35.28012837205765,8.32451517642359
-35.3119072724693,8.332899113591653
-35.3436610251847,8.341338444037861
-35.375389559750275,8.349833313012644
-35.40709280571239,8.358383865766436
-35.43877069261746,8.366990247549682
-35.47042315001184,8.375652603612801
-35.502050107442,8.384371079206263
-35.533651494454304,8.393145819580484
-35.565227240595135,8.401976969985908
-35.5967772754109,8.410864675672974
-35.62830152844798,8.41980908189211
-35.65979992925274,8.428810333893749
-35.69127240737165,8.437868576928347
-35.722718892351075,8.446983956246337
-35.7541393137374,8.456156617098154
-35.78553360107703,8.46538670473423
-35.81690168391634,8.47467436440501
-35.8482434918017,8.484019741360912
-35.879558954279595,8.493422980852403
-35.91084800089637,8.50288422812991
-35.94211056119841,8.512403628443865
-35.973346564732125,8.521981327044701
-36.00455594104391,8.531617469182871
-36.035738619680096,8.541312200108782
-36.06689453018719,8.551065665072914
-36.09802360211154,8.560878009325679
-36.12912576499953,8.57074937811752
-36.16020094839756,8.580679916698871
-36.19124908185202,8.590669770320178
-36.22227009490928,8.600719084231853
-36.253263917115795,8.610828003684366
-36.284230478017946,8.620996673928145
-36.3151697071621,8.631225240213618
-36.34608153409468,8.641513847791233
-36.37696588836205,8.651862641911423
-36.40782269951058,8.6622717678246
-36.438651897086764,8.672741370781255
-36.46945341063692,8.683271596031782
-36.500227169707486,8.693862588826645
-36.53097310384482,8.704514494416268
-36.56169114259533,8.715227458051084
-36.59238121550538,8.726001624981523
-36.623043252121434,8.736837140458055
-36.653677181989856,8.747734149731096
-36.684282934657034,8.758692798051085
-36.71486043966936,8.76971323066846
-36.745409626573235,8.78079559283366
-36.77593042491502,8.791940029797102
-36.80642276424118,8.803146686809262
-36.836886574098074,8.814415709120558
-36.8673217840321,8.825747241981427
-36.89772832358965,8.837141430642307
-36.92810612231712,8.848598420353637
-36.95845510976085,8.86011835636583
-36.98877521546734,8.871701383929365
-37.01906636898295,8.883347648294668
-37.04932849985404,8.895057294712158
-37.079561537627036,8.906830468432288
-37.10976541184832,8.918667314705493
-37.13994005206424,8.930567978782188
-37.17008538782129,8.942532605912847
-37.200201348665814,8.954561341347892
-37.23028786414421,8.966654330337763
-37.26034486380287,8.97881171813289
-37.2903722771882,8.991033649983722
-37.32037003384654,9.003320271140664
-37.350338063324365,9.015671726854196
-37.380276295168045,9.028088162374745
-37.41018465892396,9.040569722952734
-37.44006308413852,9.053116553838612
-37.469911500358116,9.06572880028281
-37.49972983712908,9.078406607535749
-37.52951802399793,9.091150120847905
-37.55927599051099,9.103959485469696
-37.58900366621465,9.116834846651555
-37.618700980655326,9.129776349643924
-37.64836786337941,9.142784139697243
-37.67800424393329,9.155858362061947
-37.70761005186332,9.16899916198845
-37.73718521671598,9.182206684727229
-37.766729668037634,9.195481075528713
-37.79624333537465,9.208822479643326
-37.82572614827346,9.222231042321512
-37.85517803628042,9.235706908813706
-37.88459892894191,9.249250224370327
-37.91398875580441,9.26286113424185
-37.94334744641426,9.276539783678695
-37.972674930317844,9.290286317931299
-38.001971137061595,9.304100882250102
-38.03123599619188,9.317983621885537
-38.06046943725505,9.33193468208802
-38.0896713897976,9.345954208108031
-38.11884178336587,9.36004234519599
-38.14798054750627,9.374199238602335
-38.17708761176519,9.388425033577496
-38.20616290568901,9.40271987537192
-38.235206358824094,9.417083909236018
-38.26421790071692,9.431517280420264
-38.29319746091386,9.446020134175091
-38.322144968961275,9.460592615750917
-38.351060354405575,9.475234870398195
-38.379943546793164,9.48994704336735
-38.40879447567039,9.504729279908807
-38.43761307058373,9.51958172527304
-38.46639926107954,9.534504524710472
-38.49515297670421,9.549497823471539
-38.523874147004136,9.564561766806671
-38.552562701525716,9.579696499966312
-38.5812185698153,9.594902168200877
-38.609841681419375,9.610178916760846
-38.63843196588429,9.625526890896635
-38.666989352756424,9.64094623585868
-38.695513771582206,9.656437096897422
-38.72400515190801,9.671999619263298
-38.752463423280176,9.687633948206711
-38.78088851524521,9.703340228978158
-38.809280357349444,9.719118606828056
-38.8376388791393,9.73496922700683
-38.86596401016114,9.750892234764928
-38.89425567996138,9.76688777535278
-38.92251381808637,9.782955994020801
-38.950738354082596,9.799097036019484
-38.978929217496386,9.815311046599225
-39.00708633787415,9.831598171010478
-39.0352096447623,9.847958554503675
-39.0632990677072,9.864392342329259
-39.091354536255245,9.880899679737633
-39.11937597995286,9.897480711979282
-39.147363328346444,9.91413558430464
-39.17531651098236,9.930864441964117
-39.20323545740703,9.947667430208165
-39.23112009716684,9.964544694287222
-39.25897035980813,9.981496379451697
-39.28678617487739,9.998522630952069
-39.314567471920974,10.01562359403877
-39.34231418048528,10.032799413962225
-39.3700262301167,10.05005023597287
-39.397703550361626,10.067376205321152
-39.4253460707664,10.084777467257469
-39.45295372087753,10.102254167032322
-39.480526430241355,10.119806449896116
-39.50806412840426,10.137434461099291
-39.53556674491265,10.155138345892285
-39.563034209312924,10.172918249525535
-39.59046645115142,10.190774317249447
-39.61786339997463,10.208706694314516
-39.645224985328916,10.22671552597116
-39.672551136760646,10.244800957469804
-39.69984178381624,10.262963134060895
-39.727096856042074,10.28120220099486
-39.754316282984526,10.299518303522122
-39.78149999419004,10.317911586893159
-39.80864791920501,10.336382196358391
-39.8357599875758,10.354930277168256
-39.86283612884882,10.373555974573184
-39.88987627257046,10.392259433823623
-39.916880348287066,10.41104080016997
-39.94384828554514,10.429900218862725
-39.97078001389101,10.448837835152302
-39.99767546287108,10.467853794289129
-40.02453456203175,10.486948241523647
-40.05135724091941,10.506121322106297
-40.07814342908041,10.525373181287486
-40.10489305606125,10.544703964317707
-40.131606051408255,10.56411381644737
-40.15828234466783,10.583602882926913
-40.184921865386386,10.60317130900677
-40.21152454311029,10.62281923993738
-40.238090307385924,10.642546820969157
-40.26461908775974,10.662354197352586
-40.291110813778104,10.68224151433809
-40.31756541498742,10.702208917176089
-40.343982820934066,10.722256551117033
-40.370362961164446,10.742384561411354
-40.39670576522492,10.76259309330946
-40.42301116266196,10.782882292061855
-40.44927908302191,10.803252302918937
-40.47550945585119,10.823703271131146
-40.501702210696166,10.844235341948929
-40.52785727710325,10.86484866062271
-40.553974584618786,10.885543372402898
-40.58005406278927,10.906319622539998
-40.60609564116104,10.927177556284414
-40.632099249280486,10.948117318886583
-40.65806481669403,10.969139055596942
-40.68399227294803,10.990242911665929
-40.70988154758888,11.011429032343946
-40.73573257016302,11.032697562881504
-40.76154527021683,11.054048648529003
-40.787319577296685,11.075482434536871
-40.813055420949006,11.096999066155567
-40.83875273072016,11.118598688635503
-40.86441143615654,11.140281447227105
-40.89003146680457,11.162047487180866
-40.91561275221064,11.183896953747189
-40.941155221921136,11.205829992176513
-40.96665880548246,11.227846747719278
-40.992123432441,11.249947365625923
-41.01754903234311,11.272131991146848
-41.042935534735264,11.29440076953256
-41.06828286916383,11.316753846033459
-41.09359096517519,11.339191365899987
-41.118859752315736,11.361713474382574
-41.144089160131884,11.384320316731669
-41.16927911816996,11.407012038197669
-41.19442955597647,11.429788784031077
-41.219540403097746,11.4526506994823
-41.24461158908019,11.475597929801777
-41.269643043470204,11.498630620239942
-41.29463469581417,11.521748916047232
-41.319586475658454,11.544952962474051
-41.344498312549526,11.56824290477091
